Source File	Size	loadResources	load	generateSnapshots	load-configure	scan	loadDepInfo	loadInfo	checkR4R4B	generateNarratives	validate	loadLists	checkConformanceResources	checkConformanceResources2	checkConformanceResources3	generateLogicalMaps	validateExpressions	scanForUsageStats	checkURLsUnique	processProvenanceDetails	generate1	generate2	responsesForQuestionnaire	generateLogicals	makeDependencies	generateExampleZip	generateValidationPack	scanProfilesForR5	scanExamplesForR5
/fsh-generated/resources/ImplementationGuide-smart.who.int.hiv.json	203544	-	0	0	0	0	0	0	30	88	0	0	0	0	0	0	0	3	0	0	571	1187	0	0	0	0	28	0	6
fsh-generated/resources/ActivityDefinition-HIVB9DTScheduleFollowUp.json	1518	6	0	0	1	0	0	0	0	22	0	0	0	0	0	0	0	0	0	0	28	21	0	0	0	1	0	0	0
fsh-generated/resources/ActivityDefinition-HIVGuidanceCommunicationRequestActivity.json	1402	5	0	0	0	0	0	0	0	16	0	0	0	0	0	0	0	0	0	0	25	20	0	0	0	0	1	0	0
fsh-generated/resources/ActorDefinition-Client.json	709	4	0	0	0	0	0	0	0	25	0	0	0	0	0	0	0	0	0	0	20	33	0	0	0	0	0	0	0
fsh-generated/resources/ActorDefinition-CommunityHealthWorker.json	976	5	0	0	0	0	0	0	0	15	0	0	0	0	0	0	0	0	0	0	19	32	0	0	0	0	0	0	0
fsh-generated/resources/ActorDefinition-DataEntryClerk.json	754	3	0	0	1	0	0	0	1	12	0	0	0	0	0	0	0	0	0	0	21	32	0	0	0	0	0	0	0
fsh-generated/resources/ActorDefinition-DistrictHealthInformationOfficer.json	772	3	0	0	0	0	0	0	0	11	0	0	0	0	0	0	0	0	0	0	25	32	0	0	0	0	0	0	0
fsh-generated/resources/ActorDefinition-KeyPopulations.json	1023	3	0	0	0	0	0	0	0	10	0	0	0	0	0	0	0	0	0	0	23	35	0	0	0	0	1	0	0
fsh-generated/resources/ActorDefinition-LabTechnician.json	747	3	0	0	1	0	0	0	0	12	0	0	0	0	0	0	0	0	0	0	23	32	0	0	0	0	0	0	0
fsh-generated/resources/ActorDefinition-Nurse.json	708	4	0	0	0	0	0	0	0	10	0	0	0	0	0	0	0	0	0	0	24	32	0	0	0	0	0	1	0
fsh-generated/resources/ActorDefinition-Pharmacist.json	688	5	0	0	0	0	0	0	0	10	0	0	0	0	0	0	0	0	0	0	22	32	0	0	0	0	0	0	0
fsh-generated/resources/ActorDefinition-Physician.json	812	4	0	0	0	0	0	0	0	10	0	0	0	0	0	0	0	0	0	0	24	32	0	0	0	0	0	0	0
fsh-generated/resources/ActorDefinition-SpecialPopulationClient.json	771	5	0	0	1	0	0	0	0	12	0	0	0	0	0	0	0	0	0	0	23	31	0	0	0	0	0	0	0
fsh-generated/resources/ActorDefinition-SpecialistMedicalDoctor.json	933	4	0	0	0	0	0	0	0	10	0	0	0	0	0	0	0	0	0	0	20	32	0	0	0	0	0	0	0
fsh-generated/resources/ActorDefinition-TrainedLayProvider.json	708	3	0	0	0	0	0	0	1	11	0	0	0	0	0	0	0	0	0	0	20	33	0	0	0	0	1	0	0
fsh-generated/resources/ActorDefinition-TrainedNonPhysicianClinician.json	1011	3	0	0	0	0	0	0	0	9	0	0	0	0	0	0	0	0	0	0	23	32	0	0	0	0	0	0	0
fsh-generated/resources/CodeSystem-HIVConcepts.json	361405	72	0	0	2	0	0	0	34	725	0	0	2	0	0	0	0	2	0	0	1058	4164	0	0	0	0	67	0	4
fsh-generated/resources/Condition-ExampleElevatedHivRiskCondition.json	639	8	0	0	0	0	0	0	0	62	0	0	0	0	0	0	0	0	0	0	18	24	0	0	0	0	0	0	0
fsh-generated/resources/Condition-ExampleHivInvasiveCervicalCancerDiagnosis.json	859	7	0	0	1	0	0	0	0	2	0	0	0	0	0	0	0	0	0	0	20	20	0	0	0	0	0	0	0
fsh-generated/resources/Condition-ExampleHivPositiveCondition.json	814	5	0	0	0	0	0	0	0	3	0	0	0	0	0	0	0	0	0	0	19	20	0	0	0	0	0	0	0
fsh-generated/resources/ExampleScenario-HIV.A.REGISTRATION.json	4388	7	0	0	0	0	0	0	0	16	0	0	0	0	0	0	0	0	0	0	31	345	0	0	0	0	1	0	0
fsh-generated/resources/ExampleScenario-HIV.B.HIVtesting.json	8377	4	0	0	0	0	0	0	1	20	0	0	0	0	0	0	0	0	0	0	38	120	0	0	0	0	1	0	0
fsh-generated/resources/ExampleScenario-HIV.PrEP.Visit.Scenario.json	6300	5	0	0	0	0	0	1	1	18	0	0	0	0	0	0	0	0	0	0	32	78	0	0	0	0	0	0	0
fsh-generated/resources/Library-HIVB2DTLogic.json	1013	6	0	0	0	0	0	0	0	1533	0	0	0	0	0	0	0	0	0	0	338	40	0	0	0	0	19	0	0
fsh-generated/resources/Library-HIVB7DTLogic.json	1048	5	0	0	0	0	0	0	1	13	0	0	0	0	0	0	0	0	0	0	99	22	0	0	0	0	4	0	0
fsh-generated/resources/Library-HIVB9DTLogic.json	1013	5	0	0	0	0	0	0	0	9	0	0	0	0	0	0	0	0	0	0	64	22	0	0	0	0	0	0	0
fsh-generated/resources/Library-HIVC23DTLogic.json	1019	6	0	0	0	0	0	0	0	15	0	0	0	0	0	0	0	0	0	0	324	34	0	0	0	0	14	0	0
fsh-generated/resources/Library-HIVC7DTLogic.json	1013	5	0	0	0	0	0	0	1	17	0	0	0	0	0	0	0	0	0	0	99	24	0	0	0	0	2	0	0
fsh-generated/resources/Library-HIVCommon.json	1024	5	0	0	1	0	0	0	0	14	0	0	0	0	0	0	0	0	0	0	1405	93	0	0	0	0	72	0	0
fsh-generated/resources/Library-HIVConcepts.json	1036	6	0	0	0	0	0	0	4	74	0	0	0	0	0	0	0	0	0	0	3568	448	0	0	0	0	99	0	0
fsh-generated/resources/Library-HIVConceptsCustom.json	1072	5	0	0	0	0	0	0	0	70	0	0	0	0	0	0	0	0	0	0	208	26	0	0	0	0	8	0	0
fsh-generated/resources/Library-HIVConfig.json	1024	6	0	0	0	0	0	0	1	12	0	0	0	0	0	0	0	0	0	0	48	20	0	0	0	0	2	0	0
fsh-generated/resources/Library-HIVD12DTLogic.json	1019	5	0	0	1	0	0	0	0	22	0	0	0	0	0	0	0	0	0	0	512	47	0	0	0	0	22	0	1
fsh-generated/resources/Library-HIVD4DTLogic.json	1013	6	0	0	0	0	0	0	69	18	0	0	0	0	0	0	0	0	0	0	398	40	0	0	0	0	17	0	0
fsh-generated/resources/Library-HIVElements.json	1036	5	0	0	1	0	0	0	43	715	0	0	0	0	0	0	0	3	0	0	34549	2419	0	0	0	0	1520	0	2
fsh-generated/resources/Library-HIVEncounterElements.json	1090	6	0	0	0	0	0	0	0	48	0	0	0	0	0	0	0	0	0	0	19075	1400	0	0	0	0	849	0	0
fsh-generated/resources/Library-HIVIND11Logic.json	1105	5	0	0	0	0	0	0	0	16	0	0	0	0	0	0	0	0	0	0	151	26	0	0	0	0	9	0	0
fsh-generated/resources/Library-HIVIND12Logic.json	1078	3	0	0	0	0	0	0	0	13	0	0	0	0	0	0	0	0	0	0	163	27	0	0	0	0	9	0	0
fsh-generated/resources/Library-HIVIND13Logic.json	1070	3	0	0	0	0	0	0	1	13	0	0	0	0	0	0	0	0	0	0	163	24	0	0	0	0	7	0	0
fsh-generated/resources/Library-HIVIND14Logic.json	1106	3	0	0	0	0	0	0	0	13	0	0	0	0	0	0	0	0	0	0	183	25	0	0	0	0	8	0	0
fsh-generated/resources/Library-HIVIND15Logic.json	1132	3	0	0	0	0	0	0	1	12	0	0	0	0	0	0	0	0	0	0	138	23	0	0	0	0	6	0	0
fsh-generated/resources/Library-HIVIND16Logic.json	1067	3	0	0	0	0	0	0	0	15	0	0	0	0	0	0	0	0	0	0	203	27	0	0	0	0	9	0	0
fsh-generated/resources/Library-HIVIND18Logic.json	1067	4	0	0	0	0	0	0	0	13	0	0	0	0	0	0	0	0	0	0	152	24	0	0	0	0	6	0	0
fsh-generated/resources/Library-HIVIND19Logic.json	1107	3	0	0	1	0	0	0	1	13	0	0	0	0	0	0	0	0	0	0	173	25	0	0	0	0	8	0	0
fsh-generated/resources/Library-HIVIND20Logic.json	1083	3	0	0	0	0	0	0	0	15	0	0	0	0	0	0	0	0	0	0	238	29	0	0	0	0	12	0	0
fsh-generated/resources/Library-HIVIND21Logic.json	1056	3	0	0	0	0	0	0	1	14	0	0	0	0	0	0	0	0	0	0	307	33	0	0	0	0	15	0	0
fsh-generated/resources/Library-HIVIND22Logic.json	1112	3	0	0	0	0	0	0	0	90	0	0	0	0	0	0	0	0	0	0	283	32	0	0	0	0	12	0	0
fsh-generated/resources/Library-HIVIND24Logic.json	1174	3	0	0	0	0	0	0	0	16	0	0	0	0	0	0	0	0	0	0	471	93	0	0	0	0	20	0	0
fsh-generated/resources/Library-HIVIND25Logic.json	1110	3	0	0	0	0	0	0	1	13	0	0	0	0	0	0	0	0	0	0	158	26	0	0	0	0	6	0	0
fsh-generated/resources/Library-HIVIND27Logic.json	1100	3	0	0	0	0	0	0	0	13	0	0	0	0	0	0	0	0	0	0	351	37	0	0	0	0	16	0	0
fsh-generated/resources/Library-HIVIND28Logic.json	1218	3	0	0	0	0	0	0	1	14	0	0	0	0	0	0	0	0	0	0	573	52	0	0	0	0	28	0	0
fsh-generated/resources/Library-HIVIND29Logic.json	1096	3	0	0	0	0	0	0	0	14	0	0	0	0	0	0	0	0	0	0	293	34	0	0	0	0	13	0	0
fsh-generated/resources/Library-HIVIND2Logic.json	1074	3	0	0	1	0	0	0	0	13	0	0	0	0	0	0	0	0	0	0	196	32	0	0	0	0	8	0	0
fsh-generated/resources/Library-HIVIND30Logic.json	1053	4	0	0	0	0	0	0	1	13	0	0	0	0	0	0	0	0	0	0	145	25	0	0	0	0	6	0	0
fsh-generated/resources/Library-HIVIND31Logic.json	1082	4	0	0	0	0	0	0	0	13	0	0	0	0	0	0	0	0	0	0	223	28	0	0	0	0	9	0	0
fsh-generated/resources/Library-HIVIND32Logic.json	1092	4	0	0	0	0	0	0	1	14	0	0	0	0	0	0	0	0	0	0	266	33	0	0	0	0	12	0	0
fsh-generated/resources/Library-HIVIND33Logic.json	1123	4	0	0	0	0	0	0	0	13	0	0	0	0	0	0	0	0	0	0	218	28	0	0	0	0	9	0	0
fsh-generated/resources/Library-HIVIND34Logic.json	1131	5	0	0	0	0	0	0	1	14	0	0	0	0	0	0	0	0	0	0	231	29	0	0	0	0	11	0	0
fsh-generated/resources/Library-HIVIND35Logic.json	1057	5	0	0	0	0	0	0	0	14	0	0	0	0	0	0	0	0	0	0	414	39	0	0	0	0	20	0	0
fsh-generated/resources/Library-HIVIND37Logic.json	1085	5	0	0	0	0	0	0	1	13	0	0	0	0	0	0	0	0	0	0	233	28	0	0	0	0	11	0	0
fsh-generated/resources/Library-HIVIND38Logic.json	1109	4	0	0	1	0	0	0	0	15	0	0	0	0	0	0	0	0	0	0	193	26	0	0	0	0	9	0	0
fsh-generated/resources/Library-HIVIND39Logic.json	1057	3	0	0	0	0	0	0	0	12	0	0	0	0	0	0	0	0	0	0	135	22	0	0	0	0	5	0	0
fsh-generated/resources/Library-HIVIND3Logic.json	1094	3	0	0	0	0	0	0	1	14	0	0	0	0	0	0	0	0	0	0	220	28	0	0	0	0	9	0	1
fsh-generated/resources/Library-HIVIND40Logic.json	1099	3	0	0	0	0	0	0	0	12	0	0	0	0	0	0	0	0	0	0	272	31	0	0	0	0	13	0	0
fsh-generated/resources/Library-HIVIND41Logic.json	1106	3	0	0	0	0	0	0	0	13	0	0	0	0	0	0	0	0	0	0	387	37	0	0	0	0	21	0	0
fsh-generated/resources/Library-HIVIND42Logic.json	1067	3	0	0	0	0	0	0	1	13	0	0	0	0	0	0	0	0	0	0	316	33	0	0	0	0	15	0	0
fsh-generated/resources/Library-HIVIND43Logic.json	1104	3	0	0	0	0	0	0	0	11	0	0	0	0	0	0	0	0	0	0	188	26	0	0	0	0	8	0	0
fsh-generated/resources/Library-HIVIND44Logic.json	1095	3	0	0	1	0	0	0	1	11	0	0	0	0	0	0	0	0	0	0	172	27	0	0	0	0	8	0	0
fsh-generated/resources/Library-HIVIND45Logic.json	1128	3	0	0	0	0	0	0	0	13	0	0	0	0	0	0	0	0	0	0	198	27	0	0	0	0	9	0	0
fsh-generated/resources/Library-HIVIND46Logic.json	1147	3	0	0	0	0	0	0	0	14	0	0	0	0	0	0	0	0	0	0	222	28	0	0	0	0	9	0	0
fsh-generated/resources/Library-HIVIND47Logic.json	1080	3	0	0	0	0	0	0	1	12	0	0	0	0	0	0	0	0	0	0	190	26	0	0	0	0	8	0	0
fsh-generated/resources/Library-HIVIND48Logic.json	1078	3	0	0	0	0	0	0	0	12	0	0	0	0	0	0	0	0	0	0	175	25	0	0	0	0	7	0	0
fsh-generated/resources/Library-HIVIND49Logic.json	1113	3	0	0	1	0	0	0	1	13	0	0	0	0	0	0	0	1	0	0	177	25	0	0	0	0	8	0	0
fsh-generated/resources/Library-HIVIND4Logic.json	1037	3	0	0	0	0	0	0	0	13	0	0	0	0	0	0	0	0	0	0	195	26	0	0	0	0	8	0	0
fsh-generated/resources/Library-HIVIND50Logic.json	1118	4	0	0	0	0	0	0	0	13	0	0	0	0	0	0	0	0	0	0	215	27	0	0	0	0	10	0	0
fsh-generated/resources/Library-HIVIND51Logic.json	1112	5	0	0	0	0	0	0	1	12	0	0	0	0	0	0	0	0	0	0	255	30	0	0	0	0	11	0	0
fsh-generated/resources/Library-HIVIND52Logic.json	1109	5	0	0	0	0	0	0	0	13	0	0	0	0	0	0	0	0	0	0	273	31	0	0	0	0	12	0	0
fsh-generated/resources/Library-HIVIND53Logic.json	1126	3	0	0	0	0	0	0	0	16	0	0	0	0	0	0	0	0	0	0	264	31	0	0	0	0	11	0	0
fsh-generated/resources/Library-HIVIND54Logic.json	1068	3	0	0	0	0	0	0	1	13	0	0	0	0	0	0	0	0	0	0	171	26	0	0	0	0	7	0	0
fsh-generated/resources/Library-HIVIND55Logic.json	1232	3	0	0	0	0	0	0	0	17	0	0	0	0	0	0	0	0	0	0	175	26	0	0	0	0	8	0	0
fsh-generated/resources/Library-HIVIND56Logic.json	1069	3	0	0	0	0	0	0	1	14	0	0	0	0	0	0	0	0	0	0	217	29	0	0	0	0	9	0	0
fsh-generated/resources/Library-HIVIND57Logic.json	1089	3	0	0	1	0	0	0	0	14	0	0	0	0	0	0	0	0	0	0	390	38	0	0	0	0	21	0	0
fsh-generated/resources/Library-HIVIND58Logic.json	1105	3	0	0	0	0	0	0	1	13	0	0	0	0	0	0	0	0	0	0	171	25	0	0	0	0	7	0	0
fsh-generated/resources/Library-HIVIND59Logic.json	1087	3	0	0	0	0	0	0	0	16	0	0	0	0	0	0	0	0	0	0	148	24	0	0	0	0	6	0	0
fsh-generated/resources/Library-HIVIND5Logic.json	1057	3	0	0	0	0	0	0	1	13	0	0	0	0	0	0	0	0	0	0	170	25	0	0	0	0	7	0	0
fsh-generated/resources/Library-HIVIND60Logic.json	1107	3	0	0	0	0	0	0	0	13	0	0	0	0	0	0	0	0	0	0	194	25	0	0	0	0	8	0	0
fsh-generated/resources/Library-HIVIND61Logic.json	1096	3	0	0	0	0	0	0	0	12	0	0	0	0	0	0	0	0	0	0	166	24	0	0	0	0	8	0	0
fsh-generated/resources/Library-HIVIND62Logic.json	1145	3	0	0	1	0	0	0	1	13	0	0	0	0	0	0	0	0	0	0	249	30	0	0	0	0	11	0	0
fsh-generated/resources/Library-HIVIND63Logic.json	1127	3	0	0	0	0	0	0	0	12	0	0	0	0	0	0	0	0	0	0	187	27	0	0	0	0	8	0	0
fsh-generated/resources/Library-HIVIND64Logic.json	1111	3	0	0	0	0	0	0	1	10	0	0	0	0	0	0	0	0	0	0	255	36	0	0	0	0	13	0	0
fsh-generated/resources/Library-HIVIND65Logic.json	1083	3	0	0	0	0	0	0	0	10	0	0	0	0	0	0	0	0	0	0	227	28	0	0	0	0	10	0	0
fsh-generated/resources/Library-HIVIND66Logic.json	1151	3	0	0	0	0	0	0	0	9	0	0	0	0	0	0	0	0	0	0	253	29	0	0	0	0	12	0	0
fsh-generated/resources/Library-HIVIND67Logic.json	1133	3	0	0	0	0	0	0	1	14	0	0	0	0	0	0	0	0	0	0	223	28	0	0	0	0	9	0	0
fsh-generated/resources/Library-HIVIND68Logic.json	1153	3	0	0	0	0	0	0	0	18	0	0	0	0	0	0	0	0	0	0	275	32	0	0	0	0	14	0	0
fsh-generated/resources/Library-HIVIND69Logic.json	1129	3	0	0	0	0	0	0	1	14	0	0	0	0	0	0	0	0	0	0	246	29	0	0	0	0	13	0	0
fsh-generated/resources/Library-HIVIND6Logic.json	1039	3	0	0	1	0	0	0	0	13	0	0	0	0	0	0	0	0	0	0	172	25	0	0	0	0	7	0	0
fsh-generated/resources/Library-HIVIND70Logic.json	1098	3	0	0	0	0	0	0	0	14	0	0	0	0	0	0	0	0	0	0	229	29	0	0	0	0	9	0	1
fsh-generated/resources/Library-HIVIND71Logic.json	1080	3	0	0	0	0	0	0	1	14	0	0	0	0	0	0	0	0	0	0	190	27	0	0	0	0	8	0	0
fsh-generated/resources/Library-HIVIND72Logic.json	1077	3	0	0	0	0	0	0	0	13	0	0	0	0	0	0	0	0	0	0	244	30	0	0	0	0	11	0	0
fsh-generated/resources/Library-HIVIND73Logic.json	1093	3	0	0	0	0	0	0	1	14	0	0	0	0	0	0	0	0	0	0	191	26	0	0	0	0	7	0	0
fsh-generated/resources/Library-HIVIND74Logic.json	1153	3	0	0	0	0	0	0	0	13	0	0	0	0	0	0	0	0	0	0	173	25	0	0	0	0	7	0	0
fsh-generated/resources/Library-HIVIND75Logic.json	1135	3	0	0	1	0	0	0	1	12	0	0	0	0	0	0	0	0	0	0	154	24	1	0	0	0	6	0	0
fsh-generated/resources/Library-HIVIND76Logic.json	1117	3	0	0	0	0	0	0	0	13	0	0	0	0	0	0	0	0	0	0	225	29	0	0	0	0	10	0	0
fsh-generated/resources/Library-HIVIND77Logic.json	1099	3	0	0	0	0	0	0	0	16	0	0	0	0	0	0	0	0	0	0	211	67	0	0	0	0	9	0	0
fsh-generated/resources/Library-HIVIND78Logic.json	1181	3	0	0	0	0	0	0	1	13	0	0	0	0	0	0	0	0	0	0	217	28	0	0	0	0	9	0	0
fsh-generated/resources/Library-HIVIND79Logic.json	1163	3	0	0	0	0	0	0	0	12	0	0	0	0	0	0	0	0	0	0	201	27	0	0	0	0	9	0	0
fsh-generated/resources/Library-HIVIND7Logic.json	1076	3	0	0	0	0	0	0	1	12	0	0	0	0	0	0	0	0	0	0	210	27	0	0	0	0	10	0	0
fsh-generated/resources/Library-HIVIND80Logic.json	1170	3	0	0	0	0	0	0	0	13	0	0	0	0	0	0	0	0	0	0	160	24	0	0	0	0	6	0	0
fsh-generated/resources/Library-HIVIND81Logic.json	1152	3	0	0	0	0	0	0	0	12	0	0	0	0	0	0	0	0	0	0	149	24	0	0	0	0	6	0	0
fsh-generated/resources/Library-HIVIND82Logic.json	1144	3	0	0	1	0	0	0	1	12	0	0	0	0	0	0	0	1	0	0	164	24	0	0	0	0	6	0	0
fsh-generated/resources/Library-HIVIND83Logic.json	1182	3	0	0	0	0	0	0	0	12	0	0	0	0	0	0	0	0	0	0	168	24	0	0	0	0	7	0	0
fsh-generated/resources/Library-HIVIND84Logic.json	1164	3	0	0	0	0	0	0	1	11	0	0	0	0	0	0	0	0	0	0	151	23	0	0	0	0	6	0	0
fsh-generated/resources/Library-HIVIND85Logic.json	1141	3	0	0	0	0	0	0	0	12	0	0	0	0	0	0	0	0	0	0	253	30	0	0	0	0	12	0	0
fsh-generated/resources/Library-HIVIND86Logic.json	1123	3	0	0	0	0	0	0	0	12	0	0	0	0	0	0	0	0	0	0	194	27	0	0	0	0	9	0	0
fsh-generated/resources/Library-HIVIND87Logic.json	1115	3	0	0	0	0	0	0	1	12	0	0	0	0	0	0	0	0	0	0	265	31	0	0	0	0	16	0	0
fsh-generated/resources/Library-HIVIND88Logic.json	1158	5	0	0	0	0	0	0	0	12	0	0	0	0	0	0	0	0	0	0	205	27	0	0	0	0	10	0	0
fsh-generated/resources/Library-HIVIND89Logic.json	1140	5	0	0	0	0	0	0	1	12	0	0	0	0	0	0	0	0	0	0	155	24	0	0	0	0	6	0	0
fsh-generated/resources/Library-HIVIND8Logic.json	1085	7	0	0	1	0	0	0	0	11	0	0	0	0	0	0	0	0	0	0	145	23	0	0	0	0	6	0	0
fsh-generated/resources/Library-HIVIND90Logic.json	1088	5	0	0	0	0	0	0	0	11	0	0	0	0	0	0	0	0	0	0	268	31	0	0	0	0	14	0	0
fsh-generated/resources/Library-HIVIND91Logic.json	1146	6	0	0	0	0	0	0	1	15	0	0	0	0	0	0	0	0	0	0	202	27	0	0	0	0	8	0	0
fsh-generated/resources/Library-HIVIND92Logic.json	1121	5	0	0	0	0	0	0	0	13	0	0	0	0	0	0	0	0	0	0	350	34	0	0	0	0	16	0	0
fsh-generated/resources/Library-HIVIND93Logic.json	1097	5	0	0	0	0	0	0	0	11	0	0	0	0	0	0	0	0	0	0	126	22	0	0	0	0	5	0	0
fsh-generated/resources/Library-HIVIND94Logic.json	1115	4	0	0	0	0	0	0	1	12	0	0	0	0	0	0	0	0	0	0	199	26	0	0	0	0	10	0	0
fsh-generated/resources/Library-HIVIND95Logic.json	1077	3	0	0	0	0	0	0	0	12	0	0	0	0	0	0	0	0	0	0	180	25	0	0	0	0	8	0	0
fsh-generated/resources/Library-HIVIND96Logic.json	1077	3	0	0	0	0	0	0	1	12	0	0	0	0	0	0	0	0	0	0	287	30	0	0	0	0	19	0	0
fsh-generated/resources/Library-HIVIND9Logic.json	1121	3	0	0	1	0	0	0	0	12	0	0	0	0	0	0	0	0	0	0	90	20	0	0	0	0	2	0	0
fsh-generated/resources/Library-HIVIndicatorElements.json	1090	3	0	0	0	0	0	0	18	169	0	0	0	0	0	0	0	1	0	0	18671	1273	0	0	0	0	854	0	1
fsh-generated/resources/Library-WHOCommon.json	1024	4	0	0	0	0	0	0	0	11	0	0	0	0	0	0	0	0	0	0	1193	81	0	0	0	0	64	0	0
fsh-generated/resources/Library-WHOConcepts.json	1036	6	0	0	0	0	0	0	0	22	0	0	0	0	0	0	0	0	0	0	56	17	0	0	0	0	1	0	0
fsh-generated/resources/Library-WHOElements.json	1036	5	0	0	1	0	0	0	0	10	0	0	0	0	0	0	0	0	0	0	71	18	0	0	0	0	3	0	0
fsh-generated/resources/Library-WHOEncounterElements.json	1090	5	0	0	0	0	0	0	1	9	0	0	0	0	0	0	0	0	0	0	74	27	0	0	0	0	3	0	0
fsh-generated/resources/Measure-HIVIND11.json	2878	6	0	0	0	0	0	0	0	17	0	0	0	0	0	0	0	0	0	0	22	17	0	0	0	0	0	0	0
fsh-generated/resources/Measure-HIVIND12.json	3052	5	0	0	0	0	0	0	0	12	0	0	0	0	0	0	0	0	0	0	24	19	0	0	0	0	0	0	0
fsh-generated/resources/Measure-HIVIND13.json	2958	6	0	0	0	0	0	0	0	11	0	0	0	0	0	0	0	0	0	0	23	19	0	0	0	0	1	0	0
fsh-generated/resources/Measure-HIVIND14.json	3091	4	0	0	0	0	0	0	0	9	0	0	0	0	0	0	0	0	0	0	24	18	0	0	0	0	0	0	0
fsh-generated/resources/Measure-HIVIND15.json	3555	5	0	0	0	0	0	0	1	9	0	0	0	0	0	0	0	0	0	0	24	16	0	0	0	0	0	0	0
fsh-generated/resources/Measure-HIVIND16.json	3082	6	0	0	1	0	0	0	0	9	0	0	0	0	0	0	0	0	0	0	23	20	0	0	0	0	0	0	0
fsh-generated/resources/Measure-HIVIND18.json	3536	5	0	0	0	0	0	0	0	10	0	0	0	0	0	0	0	0	0	0	24	19	0	0	0	0	0	0	1
fsh-generated/resources/Measure-HIVIND19.json	3115	5	0	0	0	0	0	0	0	9	0	0	0	0	0	0	0	0	0	0	24	19	0	0	0	0	0	0	0
fsh-generated/resources/Measure-HIVIND2.json	3501	6	0	0	0	0	0	0	1	10	0	0	0	0	0	0	0	0	0	0	24	20	0	0	0	0	1	0	0
fsh-generated/resources/Measure-HIVIND20.json	3006	5	0	0	0	0	0	0	0	10	0	0	0	0	0	0	0	0	0	0	23	19	0	0	0	0	0	0	0
fsh-generated/resources/Measure-HIVIND21.json	2956	4	0	0	0	0	0	0	0	9	0	0	0	0	0	0	0	0	0	0	22	19	0	0	0	0	0	0	0
fsh-generated/resources/Measure-HIVIND22.json	3542	3	0	0	1	0	0	0	0	10	0	0	0	0	0	0	0	0	0	0	23	19	0	0	0	0	0	0	0
fsh-generated/resources/Measure-HIVIND24.json	3366	3	0	0	0	0	0	0	0	9	0	0	0	0	0	0	0	0	0	0	24	19	0	0	0	0	0	0	0
fsh-generated/resources/Measure-HIVIND25.json	3351	3	0	0	0	0	0	0	1	9	0	0	0	0	0	0	0	0	0	0	24	19	0	0	0	0	0	0	0
fsh-generated/resources/Measure-HIVIND27.json	3539	3	0	0	1	0	0	0	0	9	0	0	0	0	0	0	0	0	0	0	27	20	0	0	0	0	1	0	0
fsh-generated/resources/Measure-HIVIND28.json	3405	3	0	0	0	0	0	0	0	9	0	0	0	0	0	0	0	0	0	0	24	19	0	0	0	0	0	0	0
fsh-generated/resources/Measure-HIVIND29.json	3439	3	0	0	0	0	0	0	0	9	0	0	0	0	0	0	0	0	0	0	23	19	0	0	0	1	0	0	0
fsh-generated/resources/Measure-HIVIND3.json	3594	11	0	0	0	0	0	0	1	10	0	0	0	0	0	0	0	0	0	0	24	20	0	0	0	0	0	0	0
fsh-generated/resources/Measure-HIVIND30.json	3479	4	0	0	0	0	0	0	0	9	0	0	0	0	0	0	0	0	0	0	23	19	0	0	0	0	0	0	0
fsh-generated/resources/Measure-HIVIND31.json	3059	3	0	0	0	0	0	0	0	10	0	0	0	0	0	0	0	0	0	0	22	19	0	0	0	0	0	0	0
fsh-generated/resources/Measure-HIVIND32.json	3019	3	0	0	0	0	0	0	0	10	0	0	0	0	0	0	0	0	0	0	23	18	0	0	0	0	1	0	0
fsh-generated/resources/Measure-HIVIND33.json	3252	3	0	0	0	0	0	0	1	9	0	0	0	0	0	0	0	0	0	0	23	16	0	0	0	0	0	0	0
fsh-generated/resources/Measure-HIVIND34.json	3172	3	0	0	0	0	0	0	0	9	0	0	0	0	0	0	0	0	0	0	24	16	0	0	0	0	0	0	0
fsh-generated/resources/Measure-HIVIND35.json	2964	5	0	0	0	0	0	0	0	9	0	0	0	0	0	0	0	0	0	0	22	16	0	0	0	0	0	0	0
fsh-generated/resources/Measure-HIVIND37.json	3252	5	0	0	1	0	0	0	0	10	0	0	0	0	0	0	0	0	0	0	23	15	0	0	0	0	0	0	0
fsh-generated/resources/Measure-HIVIND38.json	3216	5	0	0	0	0	0	0	0	9	0	0	0	0	0	0	0	0	0	0	23	16	0	0	0	0	0	0	0
fsh-generated/resources/Measure-HIVIND39.json	2953	5	0	0	0	0	0	0	1	10	0	0	0	0	0	0	0	0	0	0	23	16	0	0	0	0	1	0	0
fsh-generated/resources/Measure-HIVIND4.json	3468	6	0	0	0	0	0	0	0	9	0	0	0	0	0	0	0	0	0	0	23	15	0	0	0	0	0	0	0
fsh-generated/resources/Measure-HIVIND40.json	3087	5	0	0	0	0	0	0	0	7	0	0	0	0	0	0	0	0	0	0	23	16	0	0	0	0	0	0	0
fsh-generated/resources/Measure-HIVIND41.json	2919	4	0	0	0	0	0	0	0	7	0	0	0	0	0	0	0	1	0	0	23	16	0	0	0	0	0	0	0
fsh-generated/resources/Measure-HIVIND42.json	3370	3	0	0	0	0	0	0	0	7	0	0	0	0	0	0	0	0	0	0	24	16	0	0	0	0	0	0	0
fsh-generated/resources/Measure-HIVIND43.json	2991	3	0	0	0	0	0	0	1	6	0	0	0	0	0	0	0	0	0	0	23	16	0	0	0	0	1	0	0
fsh-generated/resources/Measure-HIVIND44.json	2981	3	0	0	0	0	0	0	0	6	0	0	0	0	0	0	0	0	0	0	23	15	0	0	0	0	0	0	0
fsh-generated/resources/Measure-HIVIND45.json	3042	3	0	0	1	0	0	0	0	7	0	0	0	0	0	0	0	0	0	0	23	16	0	0	0	0	0	0	0
fsh-generated/resources/Measure-HIVIND46.json	3186	3	0	0	0	0	0	0	0	6	0	0	0	0	0	0	0	0	0	0	23	16	0	0	0	0	0	0	0
fsh-generated/resources/Measure-HIVIND47.json	3206	3	0	0	0	0	0	0	1	6	0	0	0	0	0	0	0	0	0	0	23	17	0	0	0	0	0	0	0
fsh-generated/resources/Measure-HIVIND48.json	3209	3	0	0	1	0	0	0	0	7	0	0	0	0	0	0	0	0	0	0	24	17	0	0	0	0	0	0	0
fsh-generated/resources/Measure-HIVIND49.json	3103	3	0	0	0	0	0	0	0	6	0	0	0	0	0	0	0	0	0	0	26	17	0	0	0	0	1	0	0
fsh-generated/resources/Measure-HIVIND5.json	3487	3	0	0	0	0	0	0	0	6	0	0	0	0	0	0	0	0	0	0	23	16	0	0	0	0	0	0	0
fsh-generated/resources/Measure-HIVIND50.json	3150	3	0	0	0	0	0	0	0	7	0	0	0	0	0	0	0	0	0	0	23	15	0	0	0	0	0	0	0
fsh-generated/resources/Measure-HIVIND51.json	3142	3	0	0	0	0	0	0	1	6	0	0	1	0	0	0	0	0	0	0	23	16	0	0	0	0	0	0	0
fsh-generated/resources/Measure-HIVIND52.json	3104	3	0	0	0	0	0	0	0	7	0	0	0	0	0	0	0	0	0	0	24	15	0	0	0	0	0	0	0
fsh-generated/resources/Measure-HIVIND53.json	3438	3	0	0	0	0	0	0	0	6	0	0	0	0	0	0	0	0	0	0	25	16	0	0	0	0	0	0	0
fsh-generated/resources/Measure-HIVIND54.json	3246	3	0	0	0	0	0	0	0	9	0	0	0	0	0	0	0	0	0	0	23	17	0	0	0	0	1	0	0
fsh-generated/resources/Measure-HIVIND55.json	3384	3	0	0	0	0	0	0	1	8	0	0	0	0	0	0	0	0	0	0	26	16	0	0	0	0	0	0	0
fsh-generated/resources/Measure-HIVIND56.json	3132	3	0	0	0	0	0	0	0	9	0	0	0	0	0	0	0	0	0	0	24	16	0	0	0	0	0	0	0
fsh-generated/resources/Measure-HIVIND57.json	3327	3	0	0	1	0	0	0	0	8	0	0	0	0	0	0	0	0	0	0	23	15	0	0	0	0	0	0	0
fsh-generated/resources/Measure-HIVIND58.json	3060	3	0	0	0	0	0	0	0	9	0	0	0	0	0	0	0	0	0	0	24	16	0	0	0	0	0	0	0
fsh-generated/resources/Measure-HIVIND59.json	3037	3	0	0	0	0	0	0	0	8	0	0	0	0	0	0	0	0	0	0	24	15	0	0	0	0	0	0	0
fsh-generated/resources/Measure-HIVIND6.json	3014	3	0	0	0	0	0	0	1	7	0	0	0	0	0	0	0	0	0	0	23	16	0	0	0	0	0	0	0
fsh-generated/resources/Measure-HIVIND60.json	3044	3	0	0	0	0	0	0	0	8	0	0	0	0	0	0	0	0	0	0	23	15	0	0	0	0	1	0	0
fsh-generated/resources/Measure-HIVIND61.json	3005	3	0	0	0	0	0	0	0	7	0	0	0	0	0	0	0	0	0	0	23	16	0	0	0	0	0	0	1
fsh-generated/resources/Measure-HIVIND62.json	3233	3	0	0	0	0	0	0	0	8	0	0	0	0	0	0	0	0	0	0	27	15	0	0	0	0	0	0	0
fsh-generated/resources/Measure-HIVIND63.json	3246	3	0	0	0	0	0	0	0	8	0	0	0	0	0	0	0	0	0	0	23	15	0	0	0	0	0	0	0
fsh-generated/resources/Measure-HIVIND64.json	3033	3	0	0	0	0	0	0	1	7	0	0	0	0	0	0	0	0	0	0	23	16	0	0	0	0	0	0	0
fsh-generated/resources/Measure-HIVIND65.json	2963	3	0	0	1	0	0	0	0	8	0	0	0	0	0	0	0	0	0	0	23	15	0	0	0	0	0	0	0
fsh-generated/resources/Measure-HIVIND66.json	2991	3	0	0	0	0	0	0	0	8	0	0	0	0	0	0	0	0	0	0	22	15	0	0	0	0	0	0	0
fsh-generated/resources/Measure-HIVIND67.json	2934	5	0	0	0	0	0	0	0	7	0	0	0	0	0	0	0	0	0	0	24	16	0	0	0	0	2	0	0
fsh-generated/resources/Measure-HIVIND68.json	3005	3	0	0	0	0	0	0	0	8	0	0	0	0	0	0	0	0	0	0	23	15	0	0	0	0	0	0	0
fsh-generated/resources/Measure-HIVIND69.json	2923	3	0	0	0	0	0	0	1	8	0	0	0	0	0	0	0	0	0	0	22	15	0	0	0	0	0	0	0
fsh-generated/resources/Measure-HIVIND7.json	3100	3	0	0	0	0	0	0	0	8	0	0	0	0	0	0	0	0	0	0	23	15	0	0	0	0	0	0	0
fsh-generated/resources/Measure-HIVIND70.json	2869	3	0	0	0	0	0	0	0	7	0	0	0	0	0	0	0	0	0	0	24	15	0	0	0	0	0	0	0
fsh-generated/resources/Measure-HIVIND71.json	2899	3	0	0	0	0	0	0	0	8	0	0	0	0	0	0	0	0	0	0	22	16	0	0	0	0	0	0	0
fsh-generated/resources/Measure-HIVIND72.json	2907	4	0	0	0	0	0	0	0	7	0	0	0	0	0	0	0	0	0	0	23	15	0	0	0	0	1	0	0
fsh-generated/resources/Measure-HIVIND73.json	2932	3	0	0	0	0	0	0	1	7	0	0	0	0	0	0	0	0	0	0	23	15	0	0	0	0	0	0	0
fsh-generated/resources/Measure-HIVIND74.json	2999	3	0	0	1	0	0	0	0	8	0	0	0	0	0	0	0	0	0	0	24	15	0	0	0	0	0	0	0
fsh-generated/resources/Measure-HIVIND75.json	2942	3	0	0	0	0	0	0	0	7	0	0	0	0	0	0	0	0	0	0	23	16	0	0	0	0	0	0	0
fsh-generated/resources/Measure-HIVIND76.json	2890	3	0	0	0	0	0	0	0	7	0	0	0	0	0	0	0	0	0	0	23	16	0	0	0	0	0	0	0
fsh-generated/resources/Measure-HIVIND77.json	2875	2	0	0	0	0	0	0	0	8	0	0	0	0	0	0	0	0	0	0	22	15	0	0	0	0	0	0	0
fsh-generated/resources/Measure-HIVIND78.json	3014	3	0	0	0	0	0	0	1	7	0	0	0	0	0	0	0	0	0	0	23	15	0	0	0	0	1	0	0
fsh-generated/resources/Measure-HIVIND79.json	2957	3	0	0	0	0	0	0	0	8	0	0	0	0	0	0	0	0	0	0	23	16	0	0	0	0	0	0	0
fsh-generated/resources/Measure-HIVIND8.json	3089	3	0	0	0	0	0	0	0	8	0	0	0	0	0	0	0	0	0	0	22	15	0	0	0	0	0	0	0
fsh-generated/resources/Measure-HIVIND80.json	2905	3	0	0	0	0	0	0	0	8	0	0	0	0	0	0	0	0	0	0	22	15	0	0	0	0	0	0	0
fsh-generated/resources/Measure-HIVIND81.json	2890	3	0	0	1	0	0	0	1	8	0	0	0	0	0	0	0	0	0	0	23	16	0	0	0	0	0	0	0
fsh-generated/resources/Measure-HIVIND82.json	2841	3	0	0	0	0	0	0	0	8	0	0	0	0	0	0	0	0	0	0	22	15	0	0	0	0	0	0	0
fsh-generated/resources/Measure-HIVIND83.json	2959	3	0	0	0	0	0	0	0	7	0	0	0	0	0	0	0	0	0	0	23	16	0	0	0	0	0	0	0
fsh-generated/resources/Measure-HIVIND84.json	2944	3	0	0	0	0	0	0	0	8	0	0	0	0	0	0	0	0	0	0	23	15	0	0	0	0	1	0	0
fsh-generated/resources/Measure-HIVIND85.json	2914	3	0	0	0	0	0	0	0	8	0	0	0	0	0	0	0	0	0	0	22	15	0	0	0	0	0	0	0
fsh-generated/resources/Measure-HIVIND86.json	2848	3	0	0	0	0	0	0	1	8	0	0	0	0	0	0	0	0	0	0	22	15	0	0	0	0	0	0	0
fsh-generated/resources/Measure-HIVIND87.json	2818	3	0	0	0	0	0	0	0	7	0	0	0	0	0	0	0	0	0	0	23	16	0	0	0	0	0	0	0
fsh-generated/resources/Measure-HIVIND88.json	2939	3	0	0	0	0	0	0	0	8	0	0	0	0	0	0	0	0	0	0	22	15	0	0	0	0	0	0	0
fsh-generated/resources/Measure-HIVIND89.json	2932	3	0	0	0	0	0	0	0	7	0	0	0	0	0	0	0	0	0	0	23	15	0	0	0	0	0	0	0
fsh-generated/resources/Measure-HIVIND9.json	3158	3	0	0	1	0	0	0	0	8	0	0	0	0	0	0	0	0	0	0	24	15	0	0	0	0	0	0	0
fsh-generated/resources/Measure-HIVIND90.json	2867	3	0	0	0	0	0	0	1	7	0	0	0	0	0	0	0	0	0	0	22	16	0	0	0	0	1	0	0
fsh-generated/resources/Measure-HIVIND91.json	2878	3	0	0	0	0	0	0	0	8	0	0	0	0	0	0	0	0	0	0	24	15	0	0	0	0	0	0	0
fsh-generated/resources/Measure-HIVIND92.json	3045	3	0	0	0	0	0	0	0	7	0	0	0	0	0	0	0	0	0	0	23	16	0	0	0	0	0	0	0
fsh-generated/resources/Measure-HIVIND93.json	3323	3	0	0	0	0	0	0	0	8	0	0	0	0	0	0	0	0	0	0	23	15	0	0	0	0	0	0	0
fsh-generated/resources/Measure-HIVIND94.json	2951	3	0	0	0	0	0	0	0	8	0	0	0	0	0	0	0	0	0	0	23	15	0	0	0	0	0	0	0
fsh-generated/resources/Measure-HIVIND95.json	2817	3	0	0	0	0	0	0	1	8	0	0	0	0	0	0	0	0	0	0	22	15	0	0	0	0	0	0	0
fsh-generated/resources/Measure-HIVIND96.json	2858	3	0	0	0	0	0	0	0	7	0	0	0	0	0	0	0	0	0	0	23	15	0	0	0	0	0	0	0
fsh-generated/resources/MedicationRequest-ExampleCurrentPrepRegimenPrescription.json	569	5	0	0	0	0	0	0	0	4	0	0	0	0	0	0	0	0	0	0	16	30	0	0	0	0	0	0	0
fsh-generated/resources/MedicationStatement-ExampleAltPepBackbonePrescription.json	560	3	0	0	1	0	0	0	0	1	0	0	0	0	0	0	0	0	0	0	16	22	0	0	0	0	0	0	0
fsh-generated/resources/MedicationStatement-ExampleAltThirdPepPrescription.json	551	3	0	0	0	0	0	0	0	1	0	0	0	0	0	0	0	0	0	0	20	19	0	0	0	0	0	0	0
fsh-generated/resources/MedicationStatement-ExampleHivOnArt.json	664	3	0	0	0	0	0	0	0	3	0	0	0	0	0	0	0	0	0	0	16	18	0	0	0	0	0	0	0
fsh-generated/resources/MedicationStatement-ExamplePreferredPepBackbonePrescription.json	564	3	0	0	0	0	0	0	0	1	0	0	0	0	0	0	0	0	0	0	16	18	0	0	0	0	0	0	0
fsh-generated/resources/MedicationStatement-ExamplePreferredThirdPepPrescription.json	553	3	0	0	0	0	0	0	0	1	0	0	0	0	0	0	0	0	0	0	16	18	0	0	0	0	0	0	0
fsh-generated/resources/MedicationStatement-ExamplePrepProductPrescription.json	507	3	0	0	0	0	0	0	0	1	0	0	0	0	0	0	0	0	0	0	16	18	0	0	0	0	0	0	0
fsh-generated/resources/Observation-ExampleCervicalCancerScreening.json	685	2	0	0	0	0	0	0	0	4	0	0	0	0	0	0	0	0	0	0	18	23	0	0	0	0	0	0	0
fsh-generated/resources/Observation-ExampleHcvTestObservation.json	931	3	0	0	0	0	0	0	0	1	0	0	0	0	0	0	0	0	0	0	17	20	0	0	0	0	0	0	0
fsh-generated/resources/Observation-ExampleHivKeyPopulation.json	929	3	0	0	0	0	0	0	0	1	0	0	0	0	0	0	0	0	1	0	17	20	0	0	0	0	0	0	0
fsh-generated/resources/Observation-ExampleHivPreventionIntervention.json	706	3	0	0	0	0	0	0	1	3	0	0	0	0	0	0	0	0	0	0	17	19	0	0	0	0	0	0	0
fsh-generated/resources/Observation-ExampleHivStatusPositiveObservation.json	689	3	0	0	0	0	0	0	0	2	0	0	0	0	0	0	0	0	0	0	16	19	0	0	0	0	0	0	0
fsh-generated/resources/Observation-ExampleHivTest.json	921	3	0	0	0	0	0	0	0	1	0	0	0	0	0	0	0	0	0	0	17	19	0	0	0	0	0	0	0
fsh-generated/resources/Patient-ExampleHivPatient.json	310	3	0	0	0	0	0	0	0	0	0	0	0	0	0	0	0	0	0	0	16	22	0	0	0	0	0	0	0
fsh-generated/resources/PlanDefinition-CareAndTreatmentClinicalVisit-PlanDefinition.json	12386	3	0	0	1	0	0	0	0	12	0	0	0	0	0	0	0	0	0	0	50	20	0	0	0	0	1	0	0
fsh-generated/resources/PlanDefinition-HIV-A-Registration-PlanDefinition.json	8350	4	0	0	0	0	0	0	1	9	0	0	0	0	0	0	0	0	0	0	31	18	0	0	0	0	0	0	1
fsh-generated/resources/PlanDefinition-HIV-Testing-PlanDefinition.json	13739	3	0	0	0	0	0	0	1	10	0	0	0	0	0	0	0	0	0	0	50	18	0	0	0	0	1	0	0
fsh-generated/resources/PlanDefinition-HIVB2DT.json	2011	3	0	0	0	0	0	0	0	13	0	0	0	0	0	0	0	0	0	0	27	16	0	0	0	0	0	0	0
fsh-generated/resources/PlanDefinition-HIVB9DT.json	13869	4	0	0	0	0	0	0	1	18	0	0	0	0	0	0	0	0	0	0	45	19	0	0	0	0	1	0	0
fsh-generated/resources/PlanDefinition-HIVC23DT.json	2698	3	0	0	0	0	0	0	0	15	0	0	0	0	0	0	0	0	0	0	29	15	0	0	0	0	0	0	0
fsh-generated/resources/PlanDefinition-HIVC7DT.json	2779	3	0	0	0	0	0	0	0	16	0	0	0	0	0	0	0	0	0	0	30	16	0	0	0	0	0	0	0
fsh-generated/resources/PlanDefinition-HIVD12DT.json	1610	3	0	0	0	0	0	0	0	12	0	0	0	0	0	0	0	0	0	0	25	16	0	0	0	0	0	0	0
fsh-generated/resources/PlanDefinition-HIVD4DT.json	1588	3	0	0	0	0	0	0	0	12	0	0	0	0	0	0	0	0	0	0	24	15	0	0	0	0	0	0	0
fsh-generated/resources/PlanDefinition-PrEP-visit-PlanDefinition.json	11119	3	0	0	0	0	0	0	1	11	0	0	0	0	0	0	0	0	0	0	47	19	0	0	0	0	1	0	0
fsh-generated/resources/Practitioner-ExampleSurgeon.json	63	3	0	0	1	0	0	0	0	0	0	0	0	0	0	0	0	0	0	0	15	20	0	0	0	0	0	0	0
fsh-generated/resources/Procedure-ExampleHivInvasiveCervicalCancerTreatment.json	729	3	0	0	0	0	0	0	0	6	0	0	0	0	0	0	0	0	0	0	17	28	0	0	0	0	0	0	0
fsh-generated/resources/Procedure-HivVmmcProcedureExample.json	470	3	0	0	0	0	0	0	0	1	0	0	0	0	0	0	0	0	0	0	15	19	0	0	0	0	0	0	0
fsh-generated/resources/Questionnaire-HIV.A2GatherClientDetails.json	1659	3	0	0	0	0	0	0	0	26	0	0	0	0	0	0	0	0	0	0	36	26	0	0	0	0	1	0	0
fsh-generated/resources/Questionnaire-HIV.A5CreateNewClientRecord.json	5933	3	0	0	0	0	0	0	1	18	0	0	0	0	0	0	0	0	0	0	113	34	0	0	0	0	2	0	0
fsh-generated/resources/Questionnaire-HIV.A6.1ReviewSociodemographicDataWithClient.json	5999	4	0	0	0	0	0	0	1	13	0	0	0	0	0	0	0	0	0	0	82	32	0	0	0	0	1	0	0
fsh-generated/resources/Questionnaire-HIV.B18ProvideVoluntaryPartnerAndFamilyServices.json	1001	2	0	0	0	0	0	0	0	8	0	0	0	0	0	0	0	0	0	0	29	20	0	0	0	0	1	0	0
fsh-generated/resources/Questionnaire-HIV.B1DetermineReasonForVisit.json	2650	3	0	0	0	0	0	0	0	12	0	0	0	0	0	0	0	0	0	0	46	21	0	0	0	0	1	0	0
fsh-generated/resources/Questionnaire-HIV.B20ScheduleRetest.json	1800	3	0	0	0	0	0	0	1	12	0	0	0	0	0	0	0	0	0	0	40	20	0	0	0	0	0	0	0
fsh-generated/resources/Questionnaire-HIV.B21OfferPreventionOptions.json	2459	3	0	0	1	0	0	0	0	12	0	0	0	0	0	0	0	0	0	0	44	21	0	0	0	0	1	0	0
fsh-generated/resources/Questionnaire-HIV.B23OfferSexualAndReproductiveHealthServices.json	9625	4	0	0	0	0	0	0	1	24	0	0	0	0	0	0	0	0	0	0	118	32	0	0	0	0	3	0	0
fsh-generated/resources/Questionnaire-HIV.B6CaptureOrUpdateClientHistory.json	6498	3	0	0	0	0	0	0	1	19	0	0	0	0	0	0	0	0	0	0	86	29	0	0	0	0	2	0	0
fsh-generated/resources/Questionnaire-HIV.B7TestForHivUsingTestingAlgorithm.json	5096	3	0	0	0	0	0	0	1	16	0	0	0	0	0	0	0	0	0	0	71	25	0	0	0	0	1	0	0
fsh-generated/resources/Questionnaire-HIV.B8ProvidePostTestCounselling.json	1790	3	0	0	0	0	0	0	0	10	0	0	0	0	0	0	0	0	0	0	37	20	0	0	0	0	1	0	0
fsh-generated/resources/Questionnaire-HIV.B9DetermineRecommendedServices.json	3916	3	0	0	0	0	0	0	0	10	0	0	0	0	0	0	0	0	0	0	60	23	0	0	0	0	1	0	0
fsh-generated/resources/Questionnaire-HIV.C10CounselOnRiskAndPrevention.json	3093	3	0	0	0	0	0	0	0	9	0	0	0	0	0	0	0	0	0	0	50	21	0	0	0	0	1	0	0
fsh-generated/resources/Questionnaire-HIV.C17DetermineRecommendedTests.json	952	3	0	0	0	0	0	0	1	9	0	0	0	0	0	0	0	0	0	0	28	18	0	0	0	0	0	0	0
fsh-generated/resources/Questionnaire-HIV.C1DetermineReasonForVisit.json	1121	3	0	0	0	0	0	0	0	8	0	0	0	0	0	0	0	0	0	0	31	19	0	0	0	0	0	0	0
fsh-generated/resources/Questionnaire-HIV.C21Diagnostics.json	1049	3	0	0	1	0	0	0	0	8	0	0	0	0	0	0	0	0	0	0	31	18	0	0	0	0	1	0	0
fsh-generated/resources/Questionnaire-HIV.C23PrescribeOrAdministerPrepOrPep.json	5925	3	0	0	0	0	0	0	0	12	0	0	0	0	0	0	0	1	0	0	79	27	0	0	0	0	2	0	0
fsh-generated/resources/Questionnaire-HIV.C24ScheduleFollowUp.json	1330	3	0	0	0	0	0	0	1	8	0	0	0	0	0	0	0	0	0	0	33	20	0	0	0	0	0	0	0
fsh-generated/resources/Questionnaire-HIV.C3CaptureOrUpdateClientHistory.json	5343	3	0	0	0	0	0	0	0	14	0	0	0	0	0	0	0	0	0	0	71	27	0	0	0	0	2	0	0
fsh-generated/resources/Questionnaire-HIV.C6PostTestPackageOfServices.json	923	3	0	0	0	0	0	0	0	9	0	0	0	0	0	0	0	0	0	0	28	18	0	0	0	0	0	0	0
fsh-generated/resources/Questionnaire-HIV.C8SuitableForPrepOrPep.json	1071	3	0	0	0	0	0	0	0	8	0	0	0	0	0	0	0	0	0	0	32	18	0	0	0	0	1	0	0
fsh-generated/resources/Questionnaire-HIV.D10CounselReturningClient.json	2743	3	0	0	0	0	0	0	1	10	0	0	0	0	0	0	0	0	0	0	47	20	0	0	0	0	0	0	0
fsh-generated/resources/Questionnaire-HIV.D12DetermineRecommendedScreeningsAndTests.json	5201	3	0	0	0	0	0	0	0	11	0	0	0	0	0	0	0	0	0	0	68	27	0	0	1	0	2	0	1
fsh-generated/resources/Questionnaire-HIV.D14PreventScreenAndManageComorbiditiesAndCoinfections.json	1771	3	0	0	1	0	0	0	0	8	0	0	0	0	0	0	0	0	0	0	37	25	0	0	0	0	0	0	0
fsh-generated/resources/Questionnaire-HIV.D15DetermineClinicalStageOfHiv.json	1708	2	0	0	0	0	0	0	1	9	0	0	0	0	0	0	0	0	0	0	35	24	0	0	0	0	1	0	0
fsh-generated/resources/Questionnaire-HIV.D16PerformOtherScreenings.json	3999	3	0	0	0	0	0	0	0	12	0	0	0	0	0	0	0	0	0	0	58	24	0	0	0	0	1	0	0
fsh-generated/resources/Questionnaire-HIV.D17CheckForSignsOfTreatmentFailure.json	961	3	0	0	0	0	0	0	0	11	0	0	0	0	0	0	0	0	0	0	29	17	0	0	0	0	0	0	0
fsh-generated/resources/Questionnaire-HIV.D19AssessForVaccinePreventableDiseases.json	3243	3	0	0	0	0	0	0	0	10	0	0	0	0	0	0	0	0	0	0	53	22	0	0	0	0	1	0	0
fsh-generated/resources/Questionnaire-HIV.D1DetermineReasonForVisit.json	1376	3	0	0	0	0	0	0	1	8	0	0	0	0	0	0	0	0	0	0	35	18	0	0	0	0	1	0	0
fsh-generated/resources/Questionnaire-HIV.D20Diagnostics.json	14315	3	0	0	0	0	0	0	1	19	0	0	0	0	0	0	0	0	0	0	170	46	0	0	0	0	4	0	0
fsh-generated/resources/Questionnaire-HIV.D21DetermineRegimenAndTreatmentOptions.json	9626	4	0	0	0	0	0	0	1	14	0	0	0	0	0	0	0	0	0	0	112	31	0	0	0	0	2	0	0
fsh-generated/resources/Questionnaire-HIV.D23Prescribe.json	5533	3	0	0	0	0	0	0	1	13	0	0	0	0	0	0	0	0	0	0	77	34	0	0	0	0	2	0	0
fsh-generated/resources/Questionnaire-HIV.D24Counsel.json	5477	3	0	0	0	0	0	0	1	11	0	0	0	0	0	0	0	0	0	0	75	25	0	0	0	0	2	0	0
fsh-generated/resources/Questionnaire-HIV.D25OfferVoluntaryPartnerAndFamilyServices.json	3188	3	0	0	0	0	0	0	0	9	0	0	0	0	0	0	0	0	0	0	52	21	0	0	0	0	1	0	0
fsh-generated/resources/Questionnaire-HIV.D26OfferSexualAndReproductiveHealthServices.json	9625	3	0	0	1	0	0	0	1	14	0	0	0	0	0	0	0	0	0	0	117	29	0	0	0	0	2	0	0
fsh-generated/resources/Questionnaire-HIV.D28OfferOtherServices.json	9273	3	0	0	0	0	0	0	1	13	0	0	0	0	0	0	0	0	0	0	108	28	0	0	0	0	3	0	0
fsh-generated/resources/Questionnaire-HIV.D29ScheduleFollowUp.json	1993	3	0	0	0	0	0	0	0	9	0	0	0	0	0	0	0	0	0	0	40	18	0	0	0	0	0	0	0
fsh-generated/resources/Questionnaire-HIV.D2TakeVitalSigns.json	2725	3	0	0	0	0	0	0	1	9	0	0	0	0	0	0	0	0	0	0	49	20	0	0	0	0	1	0	0
fsh-generated/resources/Questionnaire-HIV.D3CheckForSignsOfSeriousIllness.json	1178	3	0	0	0	0	0	0	0	8	0	0	0	0	0	0	0	0	0	0	31	17	0	0	0	0	1	0	0
fsh-generated/resources/Questionnaire-HIV.D4ScreenForTb.json	4481	3	0	0	0	0	0	0	0	10	0	0	0	0	0	0	0	0	0	0	66	22	0	0	0	0	1	0	0
fsh-generated/resources/Questionnaire-HIV.D8CaptureOrUpdateClientHistory.json	17472	4	0	0	0	0	0	0	2	20	0	0	0	0	0	0	0	1	0	0	193	40	0	0	0	0	4	0	0
fsh-generated/resources/Questionnaire-HIV.E1CaptureOrUpdateMotherSHistory.json	16979	4	0	0	0	0	0	0	2	20	0	0	0	0	0	0	0	0	0	0	193	41	0	0	0	0	5	0	0
fsh-generated/resources/Questionnaire-HIV.E4TestMotherForHivUsingTestingAlgorithm.json	3659	5	0	0	1	0	0	0	0	11	0	0	0	0	0	0	0	0	0	0	53	22	0	0	0	0	1	0	0
fsh-generated/resources/Questionnaire-HIV.F12Prescribe.json	1771	5	0	0	0	0	0	0	1	9	0	0	0	0	0	0	0	0	0	0	37	18	0	0	0	0	1	0	0
fsh-generated/resources/Questionnaire-HIV.F16ImmediatelyStartInfantOnArt.json	905	4	0	0	0	0	0	0	0	8	0	0	0	0	0	0	0	0	0	0	28	18	0	0	0	0	0	0	0
fsh-generated/resources/Questionnaire-HIV.F20RecordInfantSChildSFinalHivDiagnosis.json	2202	3	0	0	0	0	0	0	0	8	0	0	0	0	0	0	0	0	0	0	39	20	0	0	0	0	1	0	0
fsh-generated/resources/Questionnaire-HIV.F2TakeVitalSigns.json	1038	3	0	0	0	0	0	0	0	8	0	0	0	0	0	0	0	0	0	0	31	17	0	0	0	0	0	0	0
fsh-generated/resources/Questionnaire-HIV.F3CaptureOrUpdateInfantSChildSHistory.json	4642	3	0	0	0	0	0	0	1	11	0	0	0	0	0	0	0	0	0	0	67	23	0	0	0	0	2	0	0
fsh-generated/resources/Questionnaire-HIV.F6CheckWhetherInfantChildHadHivExposure.json	1212	3	0	0	0	0	0	0	0	8	0	0	0	0	0	0	0	0	0	0	31	17	0	0	0	0	0	0	0
fsh-generated/resources/Questionnaire-HIV.F8TestInfantChildForHivUsingTestingAlgorithm.json	2414	3	0	0	0	0	0	0	0	9	0	0	0	0	0	0	0	0	0	0	42	19	0	0	0	0	1	0	0
fsh-generated/resources/Questionnaire-HIV.H1IdentifyClientForFollowUp.json	1143	3	0	0	1	0	0	0	0	45	0	0	0	0	0	0	0	0	0	0	31	18	0	0	0	0	0	0	0
fsh-generated/resources/Questionnaire-HIV.H2AttemptToLocateClient.json	1992	3	0	0	0	0	0	0	0	9	0	0	0	0	0	0	0	0	0	0	40	18	0	0	0	0	1	0	0
fsh-generated/resources/Questionnaire-HIV.H3RecordOutreachAndResult.json	4985	3	0	0	0	0	0	0	1	12	0	0	0	0	0	0	0	0	0	0	70	22	0	0	0	0	1	0	0
fsh-generated/resources/Questionnaire-HIV.HFollowingUpAndContactingClients.json	1164	3	0	0	0	0	0	0	0	8	0	0	0	0	0	0	0	0	0	0	31	17	0	0	0	0	1	0	0
fsh-generated/resources/Questionnaire-HIV.I1EmergencyReferral.json	854	2	0	0	0	0	0	0	0	8	0	0	0	0	0	0	0	0	0	0	29	16	0	0	0	0	0	0	0
fsh-generated/resources/Questionnaire-HIV.I6ProvideInformationToReferralFacility.json	3096	3	0	0	0	0	0	0	0	10	0	0	0	0	0	0	0	0	0	0	51	20	0	0	0	0	1	0	0
fsh-generated/resources/Requirements-HIV.A.Registration.json	5656	4	0	0	0	0	0	0	1	19	0	0	0	0	0	0	0	0	0	0	39	27	0	0	0	0	1	0	1
fsh-generated/resources/Requirements-HIV.B.HIVtestingservices.json	3453	3	0	0	0	0	0	0	0	14	0	0	0	0	0	0	0	0	0	0	31	25	0	0	0	0	1	0	0
fsh-generated/resources/Requirements-HIV.C.PrEPvisit.json	1472	3	0	0	0	0	0	0	0	11	0	0	0	0	0	0	0	0	0	0	22	23	0	0	0	0	0	0	0
fsh-generated/resources/Requirements-HIV.D.Careandtreatmentclinicalvisit.json	1723	3	0	0	0	0	0	0	0	11	0	0	0	0	0	0	0	0	0	0	25	23	0	0	0	0	0	0	0
fsh-generated/resources/Requirements-HIV.G.Diagnostics.json	349	2	0	0	1	0	0	0	0	10	0	0	0	0	0	0	0	0	0	0	17	22	0	0	0	0	0	0	0
fsh-generated/resources/Requirements-HIV.H.Followingupandcontactingclients.json	982	3	0	0	0	0	0	0	0	9	0	0	0	0	0	0	0	0	0	0	19	23	0	0	0	0	0	0	0
fsh-generated/resources/Requirements-HIV.I.Referral.json	1657	3	0	0	0	0	0	0	0	11	0	0	0	0	0	0	0	0	0	0	23	23	0	0	0	0	1	0	0
fsh-generated/resources/Requirements-HIV.J.Aggregatereportinganddatause.json	986	3	0	0	0	0	0	0	0	10	0	0	0	0	0	0	0	0	0	0	18	22	0	0	0	0	0	0	0
fsh-generated/resources/Requirements-HIVNonFunctionalRequirements.json	11719	3	0	0	0	0	0	0	1	29	0	0	0	0	0	0	0	0	0	0	73	30	0	0	0	0	1	0	0
fsh-generated/resources/StructureDefinition-ChildDeliveryObservation.json	2070	4	0	65	0	0	0	0	0	41	0	0	0	0	0	0	0	1	0	0	154	2718	0	0	0	0	6	0	1
fsh-generated/resources/StructureDefinition-HIVARegistration.json	18099	3	0	29	0	0	0	0	0	27	0	0	0	0	0	0	0	0	0	0	126	316	0	0	0	0	4	0	0
fsh-generated/resources/StructureDefinition-HIVBHTSvisit.json	74331	6	0	58	0	0	0	0	1	75	0	0	1	0	0	0	0	1	0	0	451	557	0	0	1	0	13	0	1
fsh-generated/resources/StructureDefinition-HIVCPrEPvisit.json	40522	5	0	43	0	0	0	0	0	44	0	0	0	0	0	0	0	1	0	0	257	339	0	0	0	0	9	0	0
fsh-generated/resources/StructureDefinition-HIVConfiguration.json	13929	3	0	35	0	0	0	0	0	21	0	0	0	0	0	0	0	0	0	0	97	175	0	0	0	0	2	0	0
fsh-generated/resources/StructureDefinition-HIVDCareTreatment.json	198974	12	0	91	0	0	0	0	0	148	0	0	1	0	0	0	0	3	0	0	1176	914	0	0	1	0	38	0	3
fsh-generated/resources/StructureDefinition-HIVDHIVTB.json	23459	4	0	33	1	0	0	0	0	29	0	0	0	0	0	0	0	0	0	0	157	154	0	0	0	0	5	0	0
fsh-generated/resources/StructureDefinition-HIVEPMTCT.json	77678	6	0	49	0	0	0	0	0	65	0	0	1	0	0	0	0	1	0	0	472	414	0	0	0	0	16	1	1
fsh-generated/resources/StructureDefinition-HIVGDiagnostics.json	23950	4	0	13	0	0	0	0	0	19	0	0	0	0	0	0	0	0	0	0	163	157	0	0	0	0	4	0	0
fsh-generated/resources/StructureDefinition-HIVHFollowup.json	18238	3	0	12	0	0	0	0	0	16	0	0	0	0	0	0	0	1	0	0	132	128	0	0	0	0	3	0	0
fsh-generated/resources/StructureDefinition-HIVIReferral.json	8164	4	0	11	0	0	0	0	0	11	0	0	0	0	0	0	0	0	0	0	68	89	0	0	0	0	1	0	0
fsh-generated/resources/StructureDefinition-HIVPrevention.json	12325	3	0	9	0	0	0	0	0	11	0	0	0	0	0	0	0	0	0	0	92	101	0	0	0	0	2	0	0
fsh-generated/resources/StructureDefinition-HIVSurveillance.json	1382	3	0	7	0	0	0	0	0	8	0	0	0	0	0	0	0	0	0	0	27	64	0	0	0	0	1	0	0
fsh-generated/resources/StructureDefinition-HcvViralLoadTest.json	1334	3	0	62	0	0	0	0	0	15	0	0	0	0	0	0	0	0	0	0	149	218	0	0	0	0	5	0	1
fsh-generated/resources/StructureDefinition-HivAltPepBackbonePrescription.json	1243	3	0	43	0	0	0	0	0	16	0	0	0	0	0	0	0	1	0	0	138	203	0	0	0	0	4	0	0
fsh-generated/resources/StructureDefinition-HivAltThirdPepPrescription.json	1241	3	0	33	0	0	0	0	0	16	0	0	0	0	0	0	0	0	0	0	138	188	0	0	0	0	5	0	1
fsh-generated/resources/StructureDefinition-HivAncEncounter.json	857	2	0	62	0	0	0	0	0	15	0	0	0	0	0	0	0	1	0	0	147	229	0	0	0	0	4	0	0
fsh-generated/resources/StructureDefinition-HivAntiRetroviralEpisode.json	1102	3	0	20	1	0	0	0	0	12	0	0	1	0	0	0	0	0	0	0	86	138	0	0	0	0	3	0	0
fsh-generated/resources/StructureDefinition-HivAntiRetroviralTreatment.json	1591	3	0	19	0	0	0	0	0	36	0	0	0	0	0	0	0	1	0	0	84	136	0	0	0	0	2	0	1
fsh-generated/resources/StructureDefinition-HivCervicalCancerScreening.json	1375	3	0	31	0	0	0	0	0	14	0	0	0	0	0	0	0	0	0	0	135	210	0	0	0	0	5	0	0
fsh-generated/resources/StructureDefinition-HivCondition.json	830	3	0	27	0	0	0	0	0	11	0	0	0	0	0	0	0	0	0	0	99	204	0	0	0	0	4	0	0
fsh-generated/resources/StructureDefinition-HivCurrentPrepRegimenPrescription.json	1251	3	0	31	0	0	0	0	0	13	0	0	0	0	0	0	0	1	0	0	136	203	0	0	0	0	5	0	1
fsh-generated/resources/StructureDefinition-HivElevatedHivAcquisitionRiskCondition.json	984	3	0	12	0	0	0	0	0	11	0	0	0	0	0	0	0	0	0	0	98	148	0	0	0	0	3	0	0
fsh-generated/resources/StructureDefinition-HivElevatedRiskForAcquisition.json	1423	3	0	44	0	0	0	0	0	12	0	0	0	0	0	0	0	1	0	0	112	1891	0	0	0	0	3	0	0
fsh-generated/resources/StructureDefinition-HivEncounter.json	837	2	0	0	0	0	0	0	0	17	0	0	0	0	0	0	0	0	0	0	146	211	0	0	0	0	5	1	1
fsh-generated/resources/StructureDefinition-HivGonorhoeaTest.json	1340	3	0	19	0	0	0	0	0	14	0	0	0	0	0	0	0	1	0	0	142	212	0	0	0	0	5	0	0
fsh-generated/resources/StructureDefinition-HivGonorrhoeaTreatment.json	1682	3	0	18	0	0	0	0	0	12	0	0	0	0	0	0	0	0	0	0	91	142	0	0	0	0	3	0	1
fsh-generated/resources/StructureDefinition-HivHBsAgTest.json	1391	3	0	16	0	0	0	0	0	14	0	0	0	0	0	0	0	1	0	0	147	216	0	0	0	0	5	0	0
fsh-generated/resources/StructureDefinition-HivHBsAgTestD.json	1396	3	0	14	0	0	0	0	0	15	0	0	0	0	0	0	0	0	0	0	142	206	0	0	0	0	5	0	0
fsh-generated/resources/StructureDefinition-HivHcvTest.json	1377	3	0	18	1	0	0	0	0	16	0	0	1	0	0	0	0	1	0	0	146	203	0	0	0	0	5	0	1
fsh-generated/resources/StructureDefinition-HivHcvTestD.json	1378	3	0	15	0	0	0	0	0	15	0	0	0	0	0	0	0	0	0	0	143	207	0	0	0	0	5	0	0
fsh-generated/resources/StructureDefinition-HivHcvTreatment.json	1571	3	0	17	0	0	0	0	0	11	0	0	0	0	0	0	0	0	0	0	85	124	0	0	0	0	3	0	0
fsh-generated/resources/StructureDefinition-HivHcvViralLoadTest.json	1388	3	0	15	0	0	0	0	0	14	0	0	0	0	0	0	0	1	0	0	141	206	0	0	0	0	5	0	1
fsh-generated/resources/StructureDefinition-HivHivTest.json	1078	2	0	18	0	0	0	0	0	14	0	0	0	0	0	0	0	0	0	0	138	199	0	0	1	0	5	0	0
fsh-generated/resources/StructureDefinition-HivHtsVisit.json	837	3	0	19	0	0	0	0	0	14	0	0	0	0	0	0	0	1	0	0	146	209	0	0	0	0	4	0	1
fsh-generated/resources/StructureDefinition-HivInfantPatient.json	865	3	0	48	0	0	0	0	0	13	0	0	0	0	0	0	0	0	0	0	125	226	0	0	0	0	5	0	0
fsh-generated/resources/StructureDefinition-HivInvasiveCervicalCancerDiagnosis.json	1063	3	0	21	0	0	0	0	0	12	0	0	0	0	0	0	0	1	0	0	100	146	0	0	0	0	3	0	0
fsh-generated/resources/StructureDefinition-HivInvasiveCervicalCancerTreatment.json	1063	3	0	24	0	0	0	0	0	13	0	0	0	0	0	0	0	0	0	0	111	187	0	0	0	0	3	1	1
fsh-generated/resources/StructureDefinition-HivKeyPopulation.json	1766	3	0	29	1	0	0	0	0	15	0	0	0	0	0	0	0	1	0	0	149	213	0	0	0	0	5	0	0
fsh-generated/resources/StructureDefinition-HivLabTestObservation.json	2049	3	0	0	0	0	0	0	0	16	0	0	0	0	0	0	0	0	0	0	153	204	0	0	0	0	6	0	1
fsh-generated/resources/StructureDefinition-HivLabTestServiceRequest.json	1359	3	0	24	0	0	0	0	0	13	0	0	0	0	0	0	0	1	0	0	112	182	0	0	0	0	4	0	0
fsh-generated/resources/StructureDefinition-HivLabTestSpecimen.json	852	3	0	22	0	0	0	0	0	12	0	0	0	0	0	0	0	0	0	0	102	257	0	0	0	0	3	0	0
fsh-generated/resources/StructureDefinition-HivMother.json	842	3	0	15	0	0	0	0	0	87	0	0	0	0	0	0	0	1	0	0	126	328	0	0	0	0	4	0	1
fsh-generated/resources/StructureDefinition-HivOamTreatment.json	914	2	0	17	0	0	0	0	0	11	0	0	0	0	0	0	0	0	0	0	78	185	0	0	0	0	2	0	0
fsh-generated/resources/StructureDefinition-HivOnArt.json	1482	3	0	16	0	0	0	0	0	11	0	0	0	0	0	0	0	0	0	0	87	183	0	0	0	0	3	0	0
fsh-generated/resources/StructureDefinition-HivPatient.json	1338	3	0	0	0	0	0	0	0	14	0	0	0	0	0	0	0	1	0	0	136	327	0	0	0	0	4	0	1
fsh-generated/resources/StructureDefinition-HivPepBackboneAlternativeTreatment.json	1278	3	0	27	0	0	0	0	0	11	0	0	0	0	0	0	0	0	0	0	80	183	0	0	0	0	3	0	0
fsh-generated/resources/StructureDefinition-HivPepBackbonePreferredTreatment.json	1269	3	0	9	0	0	0	0	0	11	0	0	0	0	0	0	0	0	0	0	82	186	0	0	0	0	2	0	0
fsh-generated/resources/StructureDefinition-HivPepThirdAlternativeTreatment.json	1279	3	0	12	0	0	0	0	0	10	0	0	0	0	0	0	0	0	0	0	79	174	0	0	0	0	2	0	0
fsh-generated/resources/StructureDefinition-HivPepThirdPreferredTreatment.json	1268	3	0	11	1	0	0	0	0	11	0	0	0	0	0	0	0	1	0	0	79	181	0	0	0	0	3	0	0
fsh-generated/resources/StructureDefinition-HivPregnancyCondition.json	887	3	0	12	0	0	0	0	0	11	0	0	0	0	0	0	0	0	0	0	104	173	0	0	0	0	5	0	1
fsh-generated/resources/StructureDefinition-HivPrepTreatment.json	1542	3	0	10	0	0	0	0	0	11	0	0	0	0	0	0	0	0	0	0	92	126	0	0	0	0	4	0	0
fsh-generated/resources/StructureDefinition-HivPreventionIntervention.json	1611	3	0	29	0	0	0	0	0	15	0	0	1	0	0	0	0	1	0	0	145	203	0	0	0	0	5	0	0
fsh-generated/resources/StructureDefinition-HivStatusCondition.json	1582	3	0	27	0	0	0	0	0	13	0	0	0	0	0	0	0	0	0	0	113	147	0	0	0	0	4	0	1
fsh-generated/resources/StructureDefinition-HivStatusObservation.json	1439	2	0	28	0	0	0	0	0	14	0	0	0	0	0	0	0	0	0	0	170	193	0	0	0	0	5	0	0
fsh-generated/resources/StructureDefinition-HivStiServices.json	813	3	0	26	0	0	0	0	0	12	0	0	0	0	0	0	0	1	0	0	110	154	0	0	0	0	3	0	1
fsh-generated/resources/StructureDefinition-HivSyndromeStiDiagnosis.json	1117	3	0	11	0	0	0	0	0	12	0	0	0	0	0	0	0	0	0	0	102	136	0	0	0	0	3	1	0
fsh-generated/resources/StructureDefinition-HivTreatment.json	941	3	0	43	0	0	0	0	0	14	0	0	0	0	0	0	0	1	0	0	145	172	0	0	0	0	5	0	0
fsh-generated/resources/StructureDefinition-HivTreatmentMedicationRequest.json	1209	3	0	0	0	0	0	0	0	15	0	0	0	0	0	0	0	0	0	0	139	172	0	0	0	0	4	0	1
fsh-generated/resources/StructureDefinition-HivTreatmentMedicationStatement.json	968	3	0	0	0	0	0	0	0	11	0	0	0	0	0	0	0	1	0	0	80	114	0	0	0	0	3	0	0
fsh-generated/resources/StructureDefinition-HivTreatmentProcedure.json	877	3	0	25	1	0	0	0	0	12	0	0	0	0	0	0	0	0	0	0	119	149	0	0	0	0	3	0	0
fsh-generated/resources/StructureDefinition-HivVmmcAdverseEvent.json	1439	2	0	35	0	0	0	0	0	12	0	0	0	0	0	0	0	0	0	0	100	137	0	0	0	0	3	0	1
fsh-generated/resources/StructureDefinition-HivVmmcProcedure.json	1274	4	0	13	0	0	0	0	0	14	0	0	0	0	0	0	0	1	0	0	125	159	0	0	0	0	4	0	0
fsh-generated/resources/ValueSet-HIV.A.DE13.json	569	2	0	0	0	0	0	0	0	68	0	0	0	0	0	0	0	0	0	0	20	180	0	0	0	0	0	0	0
fsh-generated/resources/ValueSet-HIV.A.DE18.json	1178	3	0	0	0	0	0	0	1	10	0	0	0	0	0	0	0	0	0	0	21	93	0	0	0	0	0	0	0
fsh-generated/resources/ValueSet-HIV.A.DE25.json	986	3	0	0	0	0	0	0	0	7	0	0	0	0	0	0	0	0	0	0	20	74	0	0	0	0	0	0	0
fsh-generated/resources/ValueSet-HIV.A.DE30.json	1774	3	0	0	0	0	0	0	0	9	0	0	0	0	0	0	0	0	0	0	26	124	0	0	0	0	1	0	0
fsh-generated/resources/ValueSet-HIV.A.DE43.json	890	3	0	0	0	0	0	0	0	6	0	0	0	0	0	0	0	0	0	0	22	59	0	0	0	0	0	0	0
fsh-generated/resources/ValueSet-HIV.A.DE46.json	968	3	0	0	0	0	0	0	0	7	0	0	0	0	0	0	0	0	0	0	19	65	0	0	0	0	0	0	0
fsh-generated/resources/ValueSet-HIV.A.DE5.json	898	3	0	0	0	0	0	0	0	8	0	0	0	0	0	0	0	0	0	0	31	64	0	0	0	0	0	0	0
fsh-generated/resources/ValueSet-HIV.B.DE1.json	1042	3	0	0	0	0	0	0	0	8	0	0	0	0	0	0	0	0	0	0	22	68	0	0	0	0	0	0	0
fsh-generated/resources/ValueSet-HIV.B.DE102.json	1049	3	0	0	1	0	0	0	0	7	0	0	0	0	0	0	0	0	0	0	20	68	0	0	0	0	0	0	0
fsh-generated/resources/ValueSet-HIV.B.DE106.json	1067	3	0	0	0	0	0	0	1	7	0	0	0	0	0	0	0	0	0	0	20	66	0	0	0	0	1	0	0
fsh-generated/resources/ValueSet-HIV.B.DE111.json	1058	3	0	0	0	0	0	0	0	7	0	0	0	0	0	0	0	0	0	0	19	63	0	0	0	0	0	0	0
fsh-generated/resources/ValueSet-HIV.B.DE115.json	1108	2	0	0	0	0	0	0	0	7	0	0	0	0	0	0	0	0	0	0	20	63	0	0	0	0	0	0	0
fsh-generated/resources/ValueSet-HIV.B.DE120.json	627	3	0	0	0	0	0	0	0	7	0	0	0	0	0	0	0	0	0	0	18	54	0	0	0	0	0	0	0
fsh-generated/resources/ValueSet-HIV.B.DE121.json	1499	3	0	0	0	0	0	0	0	7	0	0	0	0	0	0	0	0	0	0	22	72	0	0	0	0	0	0	0
fsh-generated/resources/ValueSet-HIV.B.DE132.json	1045	4	0	0	0	0	0	0	0	7	0	0	0	0	0	0	0	0	0	0	20	64	0	0	0	0	0	0	0
fsh-generated/resources/ValueSet-HIV.B.DE136.json	1100	3	0	0	0	0	0	0	0	7	0	0	0	0	0	0	0	0	0	0	20	62	0	0	0	0	1	0	0
fsh-generated/resources/ValueSet-HIV.B.DE142.json	1518	2	0	0	0	0	0	0	0	8	0	0	0	0	0	0	0	0	0	0	23	72	0	0	0	0	0	0	0
fsh-generated/resources/ValueSet-HIV.B.DE149.json	2002	3	0	0	0	0	0	0	0	7	0	0	0	0	0	0	0	0	0	0	27	80	0	0	0	0	0	0	0
fsh-generated/resources/ValueSet-HIV.B.DE15.json	974	3	0	0	0	0	0	0	1	7	0	0	0	0	0	0	0	0	0	0	21	62	0	0	0	0	0	0	0
fsh-generated/resources/ValueSet-HIV.B.DE158.json	1551	3	0	0	1	0	0	0	0	7	0	0	0	0	0	0	0	0	0	0	20	73	0	0	0	0	0	0	0
fsh-generated/resources/ValueSet-HIV.B.DE165.json	1700	3	0	0	0	0	0	0	0	7	0	0	0	0	0	0	0	0	0	0	22	74	0	0	0	0	1	0	0
fsh-generated/resources/ValueSet-HIV.B.DE172.json	1382	3	0	0	0	0	0	0	0	7	0	0	0	0	0	0	1	0	0	0	21	72	0	0	0	0	0	0	0
fsh-generated/resources/ValueSet-HIV.B.DE179.json	1229	3	0	0	0	0	0	0	0	7	0	0	0	0	0	0	0	0	0	0	21	73	0	0	0	0	0	0	0
fsh-generated/resources/ValueSet-HIV.B.DE18.json	1205	3	0	0	0	0	0	0	0	8	0	0	0	0	0	0	0	0	0	0	20	65	0	0	0	0	0	0	0
fsh-generated/resources/ValueSet-HIV.B.DE191.json	954	2	0	0	0	0	0	0	0	7	0	0	0	0	0	0	0	0	0	0	20	62	0	0	0	0	0	0	0
fsh-generated/resources/ValueSet-HIV.B.DE201.json	987	3	0	0	0	0	0	0	0	7	0	0	0	0	0	0	0	0	0	0	20	62	0	0	0	0	0	0	0
fsh-generated/resources/ValueSet-HIV.B.DE204.json	965	3	0	0	0	0	0	0	1	7	0	0	0	0	0	0	0	0	0	0	20	57	0	0	0	0	1	0	0
fsh-generated/resources/ValueSet-HIV.B.DE207.json	2333	3	0	0	0	0	0	0	0	8	0	0	0	0	0	0	0	0	0	0	26	92	0	0	0	0	0	0	0
fsh-generated/resources/ValueSet-HIV.B.DE22.json	1503	3	0	0	0	0	0	0	0	7	0	0	0	0	0	0	0	0	0	0	21	69	0	0	0	0	0	0	0
fsh-generated/resources/ValueSet-HIV.B.DE226.json	1493	3	0	0	0	0	0	0	0	7	0	0	0	0	0	0	0	0	0	0	22	73	0	0	0	0	0	0	0
fsh-generated/resources/ValueSet-HIV.B.DE237.json	1767	2	0	0	0	0	0	0	0	9	0	0	0	0	0	0	0	0	0	0	22	121	0	0	0	0	0	0	0
fsh-generated/resources/ValueSet-HIV.B.DE250.json	1012	3	0	0	1	0	0	0	0	7	0	0	0	0	0	0	0	0	0	0	21	65	0	0	0	0	1	0	0
fsh-generated/resources/ValueSet-HIV.B.DE256.json	1016	3	0	0	0	0	0	0	0	7	0	0	0	0	0	0	0	0	0	0	22	62	0	0	0	0	0	0	0
fsh-generated/resources/ValueSet-HIV.B.DE261.json	1318	3	0	0	0	0	0	0	1	9	0	0	0	0	0	0	0	0	0	0	21	67	0	0	0	0	0	0	0
fsh-generated/resources/ValueSet-HIV.B.DE269.json	1232	3	0	0	0	0	0	0	0	7	0	0	0	0	0	0	0	0	0	0	23	60	0	0	0	0	0	0	0
fsh-generated/resources/ValueSet-HIV.B.DE276.json	1230	3	0	0	0	0	0	0	0	7	0	0	0	0	0	0	0	0	0	0	21	62	0	0	0	0	0	0	0
fsh-generated/resources/ValueSet-HIV.B.DE284.json	1321	3	0	0	0	0	0	0	0	7	0	0	0	0	0	0	0	0	0	0	21	65	0	0	0	0	0	0	0
fsh-generated/resources/ValueSet-HIV.B.DE293.json	1230	2	0	0	0	0	0	0	0	8	0	0	0	0	0	0	0	0	0	0	19	65	0	0	0	0	1	0	0
fsh-generated/resources/ValueSet-HIV.B.DE301.json	1056	3	0	0	0	0	0	0	0	6	0	0	0	0	0	0	0	0	0	0	22	60	0	0	0	0	0	0	0
fsh-generated/resources/ValueSet-HIV.B.DE306.json	1043	3	0	0	0	0	0	0	0	7	0	0	0	0	0	0	0	0	0	0	19	60	0	0	0	0	0	0	0
fsh-generated/resources/ValueSet-HIV.B.DE312.json	1002	3	0	0	0	0	0	0	0	7	0	0	0	0	0	0	0	0	0	0	21	61	0	0	0	0	0	0	0
fsh-generated/resources/ValueSet-HIV.B.DE317.json	1230	3	0	0	0	0	0	0	1	7	0	0	0	0	0	0	0	0	0	0	21	67	0	0	0	0	0	0	0
fsh-generated/resources/ValueSet-HIV.B.DE325.json	1028	3	0	0	0	0	0	0	0	9	0	0	0	0	0	0	0	0	0	0	20	57	0	0	0	0	0	0	0
fsh-generated/resources/ValueSet-HIV.B.DE33.json	1032	2	0	0	1	0	0	0	0	7	0	0	0	0	0	0	0	0	0	0	21	57	0	0	0	0	0	0	0
fsh-generated/resources/ValueSet-HIV.B.DE37.json	1357	3	0	0	0	0	0	0	0	7	0	0	0	0	0	0	0	0	0	0	20	64	0	0	0	0	1	0	0
fsh-generated/resources/ValueSet-HIV.B.DE44.json	1033	3	0	0	0	0	0	0	0	7	0	0	0	0	0	0	0	0	0	0	19	59	0	0	0	0	0	0	0
fsh-generated/resources/ValueSet-HIV.B.DE5.json	1100	3	0	0	0	0	0	0	0	7	0	0	0	0	0	0	0	0	0	0	21	55	0	0	0	0	0	0	0
fsh-generated/resources/ValueSet-HIV.B.DE50.json	1325	3	0	0	0	0	0	0	0	7	0	0	0	0	0	0	0	0	0	0	22	66	0	0	0	0	0	0	0
fsh-generated/resources/ValueSet-HIV.B.DE61.json	1060	3	0	0	0	0	0	0	0	6	0	0	0	0	0	0	0	0	0	1	20	57	0	0	0	0	0	0	0
fsh-generated/resources/ValueSet-HIV.B.DE66.json	607	3	0	0	0	0	0	0	0	7	0	0	0	0	0	0	0	0	0	0	18	50	0	0	0	0	0	0	0
fsh-generated/resources/ValueSet-HIV.B.DE68.json	895	2	0	0	0	0	0	0	1	7	0	0	0	0	0	0	0	0	0	0	19	55	0	0	0	0	1	0	0
fsh-generated/resources/ValueSet-HIV.B.DE74.json	1205	3	0	0	0	0	0	0	0	7	0	0	0	0	0	0	0	0	0	0	22	58	0	0	0	0	0	0	0
fsh-generated/resources/ValueSet-HIV.B.DE8.json	1227	3	0	0	0	0	0	0	0	6	0	0	0	0	0	0	0	0	0	0	21	57	0	0	0	0	0	0	0
fsh-generated/resources/ValueSet-HIV.B.DE81.json	1264	3	0	0	0	0	0	0	0	7	0	0	0	0	0	0	0	0	0	0	22	58	0	0	0	0	0	0	0
fsh-generated/resources/ValueSet-HIV.B.DE88.json	1246	3	0	0	1	0	0	0	0	8	0	0	0	0	0	0	0	0	0	0	21	61	0	0	0	0	0	0	0
fsh-generated/resources/ValueSet-HIV.B.DE94.json	1043	3	0	0	0	0	0	0	0	8	0	0	0	0	0	0	0	0	0	0	20	59	0	0	0	0	0	0	0
fsh-generated/resources/ValueSet-HIV.B.DE98.json	1046	2	0	0	0	0	0	0	0	8	0	0	0	0	0	0	0	0	0	0	22	60	0	0	0	0	1	0	0
fsh-generated/resources/ValueSet-HIV.C.DE1.json	1290	3	0	0	0	0	0	0	0	7	0	0	0	0	0	0	0	0	0	0	20	61	0	0	0	0	0	0	1
fsh-generated/resources/ValueSet-HIV.C.DE101.json	1099	3	0	0	0	0	0	0	0	7	0	0	0	0	0	0	0	0	0	0	20	57	0	0	0	0	0	0	0
fsh-generated/resources/ValueSet-HIV.C.DE107.json	1222	3	0	0	0	0	0	0	1	7	0	0	0	0	0	0	0	0	0	0	22	54	0	0	0	0	0	0	0
fsh-generated/resources/ValueSet-HIV.C.DE11.json	1088	3	0	0	0	0	0	0	0	7	0	0	0	0	0	0	0	0	0	0	21	57	0	0	0	0	0	0	0
fsh-generated/resources/ValueSet-HIV.C.DE112.json	1526	3	0	0	0	0	0	0	0	7	0	0	0	0	0	0	0	0	0	0	22	67	0	0	0	0	0	0	0
fsh-generated/resources/ValueSet-HIV.C.DE122.json	600	3	0	0	0	0	0	0	0	6	0	0	0	0	0	0	0	0	0	0	20	52	0	0	0	0	1	0	0
fsh-generated/resources/ValueSet-HIV.C.DE125.json	1070	3	0	0	0	0	0	0	0	7	0	0	0	0	0	0	0	0	0	0	23	59	0	0	0	0	0	0	0
fsh-generated/resources/ValueSet-HIV.C.DE131.json	1311	2	0	0	0	0	0	0	0	7	0	0	0	0	0	0	0	0	0	0	23	64	0	0	0	0	0	0	0
fsh-generated/resources/ValueSet-HIV.C.DE138.json	921	3	0	0	0	0	0	0	0	7	0	0	0	0	0	0	0	0	0	0	23	60	0	0	0	0	0	0	0
fsh-generated/resources/ValueSet-HIV.C.DE143.json	1310	3	0	0	1	0	0	0	0	7	0	0	0	0	0	0	0	0	0	0	21	72	0	0	0	0	0	0	0
fsh-generated/resources/ValueSet-HIV.C.DE149.json	1512	3	0	0	0	0	0	0	0	7	0	0	0	0	0	0	0	1	0	0	23	67	0	0	0	0	0	0	0
fsh-generated/resources/ValueSet-HIV.C.DE157.json	1679	3	0	0	0	0	0	0	0	7	0	0	0	0	0	0	0	0	0	0	24	66	0	0	0	0	1	0	0
fsh-generated/resources/ValueSet-HIV.C.DE164.json	1382	3	0	0	0	0	0	0	1	7	0	0	0	0	0	0	0	0	0	0	23	61	0	0	0	0	0	0	0
fsh-generated/resources/ValueSet-HIV.C.DE17.json	1330	3	0	0	0	0	0	0	0	7	0	0	0	0	0	0	0	0	0	0	23	66	0	0	0	0	0	0	0
fsh-generated/resources/ValueSet-HIV.C.DE24.json	1069	2	0	0	0	0	0	0	0	7	0	0	0	0	0	0	0	0	0	0	20	59	0	0	0	0	0	0	0
fsh-generated/resources/ValueSet-HIV.C.DE31.json	966	3	0	0	0	0	0	0	0	6	0	0	0	0	0	0	0	0	0	0	21	56	0	0	0	0	0	0	0
fsh-generated/resources/ValueSet-HIV.C.DE36.json	1308	3	0	0	0	0	0	0	0	7	0	0	0	0	0	0	0	0	0	0	23	60	0	0	0	0	0	0	0
fsh-generated/resources/ValueSet-HIV.C.DE41.json	1290	3	0	0	0	0	0	0	0	7	0	0	0	0	0	0	0	0	0	0	21	62	0	0	0	0	1	0	0
fsh-generated/resources/ValueSet-HIV.C.DE46.json	1500	3	0	0	0	0	0	0	0	7	0	0	0	0	0	0	0	0	0	0	21	71	0	0	0	0	0	0	0
fsh-generated/resources/ValueSet-HIV.C.DE55.json	1395	3	0	0	0	0	0	0	0	7	0	0	0	0	0	0	0	0	0	0	21	63	0	0	0	0	0	0	0
fsh-generated/resources/ValueSet-HIV.C.DE63.json	1570	3	0	0	0	0	0	0	1	7	0	0	0	0	0	0	0	0	0	0	22	70	0	0	0	0	0	0	0
fsh-generated/resources/ValueSet-HIV.C.DE75.json	1042	2	0	0	1	0	0	0	0	7	0	0	0	0	0	0	0	0	0	0	20	58	0	0	0	0	0	0	0
fsh-generated/resources/ValueSet-HIV.C.DE80.json	1133	3	0	0	0	0	0	0	0	6	0	0	0	0	0	0	0	0	0	0	23	61	0	0	0	0	0	0	0
fsh-generated/resources/ValueSet-HIV.C.DE91.json	1024	3	0	0	0	0	0	0	0	7	0	0	0	0	0	0	0	0	0	0	20	56	0	0	0	0	1	0	0
fsh-generated/resources/ValueSet-HIV.C.DE95.json	1028	3	0	0	0	0	0	0	0	7	0	0	0	0	0	0	0	0	0	0	21	57	0	0	0	0	0	0	0
fsh-generated/resources/ValueSet-HIV.C.DE99.json	819	3	0	0	0	0	0	0	0	7	0	0	0	0	0	0	0	0	0	0	20	51	0	0	0	0	0	0	0
fsh-generated/resources/ValueSet-HIV.Config.DE12.json	1176	3	0	0	0	0	0	0	0	7	0	0	0	0	0	0	0	0	0	0	22	58	0	0	0	0	0	0	0
fsh-generated/resources/ValueSet-HIV.Config.DE19.json	663	3	0	0	0	0	0	0	0	6	0	0	0	0	0	0	0	0	0	0	20	52	0	0	0	0	0	0	0
fsh-generated/resources/ValueSet-HIV.D.DE1.json	1449	2	0	0	0	0	0	0	0	8	0	0	0	0	0	0	0	0	0	0	23	71	0	0	0	0	0	0	0
fsh-generated/resources/ValueSet-HIV.D.DE1002.json	1340	3	0	0	0	0	0	0	0	8	0	0	0	0	0	0	0	0	0	0	23	71	0	0	0	0	1	0	0
fsh-generated/resources/ValueSet-HIV.D.DE1010.json	1344	3	0	0	0	0	0	0	1	7	0	0	0	0	0	0	0	0	0	0	20	76	0	0	0	0	0	0	0
fsh-generated/resources/ValueSet-HIV.D.DE1019.json	1048	3	0	0	0	0	0	0	0	7	0	0	0	0	0	0	0	0	0	0	20	55	0	0	0	0	0	0	0
fsh-generated/resources/ValueSet-HIV.D.DE1028.json	1264	3	0	0	1	0	0	0	0	8	0	0	0	0	0	0	0	0	0	0	22	67	0	0	0	0	0	0	0
fsh-generated/resources/ValueSet-HIV.D.DE1034.json	1274	3	0	0	0	0	0	0	0	7	0	0	0	0	0	0	0	0	0	0	21	63	0	0	0	0	0	0	0
fsh-generated/resources/ValueSet-HIV.D.DE128.json	2271	3	0	0	0	0	0	0	0	9	0	0	0	0	0	0	0	0	0	0	26	97	0	0	0	0	1	0	0
fsh-generated/resources/ValueSet-HIV.D.DE146.json	1187	3	0	0	0	0	0	0	0	7	0	0	0	0	0	0	0	0	0	0	21	62	0	0	0	0	0	0	0
fsh-generated/resources/ValueSet-HIV.D.DE152.json	1173	2	0	0	0	0	0	0	0	7	0	0	0	0	0	0	0	0	0	0	21	115	0	0	0	0	0	0	0
fsh-generated/resources/ValueSet-HIV.D.DE156.json	1254	3	0	0	0	0	0	0	0	7	0	0	0	0	0	0	0	0	0	0	22	67	0	0	0	0	0	0	0
fsh-generated/resources/ValueSet-HIV.D.DE162.json	1022	3	0	0	0	0	0	0	0	7	0	0	0	0	0	0	0	0	0	0	21	63	0	0	0	0	0	0	0
fsh-generated/resources/ValueSet-HIV.D.DE168.json	601	3	0	0	0	0	0	0	1	7	0	0	0	0	0	0	0	0	0	0	20	53	0	0	0	0	0	0	0
fsh-generated/resources/ValueSet-HIV.D.DE17.json	2009	3	0	0	0	0	0	0	0	8	0	0	0	0	0	0	0	0	0	0	22	80	0	0	0	0	1	0	0
fsh-generated/resources/ValueSet-HIV.D.DE170.json	1056	3	0	0	0	0	0	0	0	7	0	0	0	0	0	0	0	0	0	0	20	60	0	0	0	0	0	0	0
fsh-generated/resources/ValueSet-HIV.D.DE177.json	601	3	0	0	0	0	0	0	0	6	0	0	0	0	0	0	0	0	0	0	18	48	0	0	0	0	0	0	0
fsh-generated/resources/ValueSet-HIV.D.DE179.json	947	2	0	0	0	0	0	0	0	7	0	0	0	0	0	0	0	0	0	0	23	57	0	0	0	0	0	0	0
fsh-generated/resources/ValueSet-HIV.D.DE182.json	941	3	0	0	0	0	0	0	0	7	0	0	0	0	0	0	0	0	0	0	21	55	0	0	0	0	0	0	0
fsh-generated/resources/ValueSet-HIV.D.DE186.json	1432	3	0	0	1	0	0	0	0	7	0	0	0	0	0	0	0	0	0	0	21	64	0	0	0	0	0	0	0
fsh-generated/resources/ValueSet-HIV.D.DE197.json	2553	3	0	0	0	0	0	0	0	8	0	0	0	0	0	0	0	0	0	0	27	94	0	0	0	0	1	0	0
fsh-generated/resources/ValueSet-HIV.D.DE217.json	1406	3	0	0	0	0	0	0	0	7	0	0	0	0	0	0	0	0	0	0	20	68	0	0	0	0	0	0	0
fsh-generated/resources/ValueSet-HIV.D.DE225.json	1033	3	0	0	0	0	0	0	1	7	0	0	0	0	0	0	0	0	0	0	20	56	0	0	0	0	0	0	0
fsh-generated/resources/ValueSet-HIV.D.DE229.json	2872	3	0	0	0	0	0	0	0	8	0	0	0	0	0	0	0	0	0	0	26	101	0	0	0	0	0	0	0
fsh-generated/resources/ValueSet-HIV.D.DE247.json	2141	2	0	0	0	0	0	0	0	7	0	0	0	0	0	0	0	0	0	0	23	79	0	0	0	0	1	0	0
fsh-generated/resources/ValueSet-HIV.D.DE259.json	3721	3	0	0	0	0	0	0	0	9	0	0	0	0	0	0	0	0	0	0	28	499	0	0	0	0	0	0	0
fsh-generated/resources/ValueSet-HIV.D.DE289.json	9483	3	0	0	0	0	0	0	1	12	0	0	0	0	0	0	0	0	0	0	48	244	0	0	0	0	1	0	0
fsh-generated/resources/ValueSet-HIV.D.DE358.json	1207	3	0	0	0	0	0	0	0	7	0	0	0	0	0	0	0	0	0	0	22	61	0	0	0	0	0	0	0
fsh-generated/resources/ValueSet-HIV.D.DE370.json	1980	3	0	0	0	0	0	0	0	8	0	0	0	0	0	0	0	0	0	0	23	77	0	0	0	0	1	0	0
fsh-generated/resources/ValueSet-HIV.D.DE383.json	1098	3	0	0	0	0	0	0	0	8	0	0	0	0	0	0	0	0	0	0	20	60	0	0	0	0	0	0	0
fsh-generated/resources/ValueSet-HIV.D.DE391.json	1341	3	0	0	1	0	0	0	0	7	0	0	0	0	0	0	0	0	0	0	26	61	0	0	0	0	0	0	0
fsh-generated/resources/ValueSet-HIV.D.DE399.json	2199	3	0	0	0	0	0	0	1	8	0	0	0	0	0	0	0	0	0	0	23	81	0	0	0	0	0	0	0
fsh-generated/resources/ValueSet-HIV.D.DE418.json	1527	3	0	0	0	0	0	0	0	8	0	1	0	0	0	0	0	0	0	0	21	68	0	0	1	0	0	0	0
fsh-generated/resources/ValueSet-HIV.D.DE43.json	950	2	0	0	0	0	0	0	0	7	0	0	0	0	0	0	0	0	0	0	20	57	0	0	0	0	1	0	0
fsh-generated/resources/ValueSet-HIV.D.DE430.json	1184	3	0	0	0	0	0	0	0	7	0	0	0	0	0	0	0	0	0	0	21	61	0	0	0	0	0	0	0
fsh-generated/resources/ValueSet-HIV.D.DE444.json	575	3	0	0	0	0	0	0	0	6	0	0	0	0	0	0	0	0	0	0	23	48	0	0	0	0	0	0	0
fsh-generated/resources/ValueSet-HIV.D.DE446.json	971	3	0	0	0	0	0	0	0	7	0	0	0	0	0	0	0	0	0	0	20	58	0	0	0	0	0	0	0
fsh-generated/resources/ValueSet-HIV.D.DE449.json	1232	3	0	0	0	0	0	0	0	7	0	0	0	0	0	0	0	0	0	0	21	61	0	0	0	0	0	0	0
fsh-generated/resources/ValueSet-HIV.D.DE457.json	1128	3	0	0	0	0	0	0	0	7	0	0	0	0	0	0	0	0	0	0	22	58	0	0	0	0	0	0	0
fsh-generated/resources/ValueSet-HIV.D.DE461.json	1097	2	0	0	0	0	0	0	0	7	0	0	0	0	0	0	0	0	0	0	19	58	0	0	0	0	0	0	0
fsh-generated/resources/ValueSet-HIV.D.DE466.json	2444	3	0	0	0	0	0	0	0	8	0	0	0	0	0	0	0	0	0	0	27	89	0	0	0	0	1	0	0
fsh-generated/resources/ValueSet-HIV.D.DE482.json	673	3	0	0	0	0	0	0	1	6	0	0	0	0	0	0	0	0	0	0	21	50	0	0	0	0	0	0	0
fsh-generated/resources/ValueSet-HIV.D.DE483.json	683	3	0	0	1	0	0	0	0	7	0	0	0	0	0	0	0	0	0	0	21	49	0	0	0	0	0	0	0
fsh-generated/resources/ValueSet-HIV.D.DE485.json	625	3	0	0	0	0	0	0	0	6	0	0	0	0	0	0	0	0	0	0	20	51	0	0	0	0	0	0	0
fsh-generated/resources/ValueSet-HIV.D.DE486.json	682	3	0	0	0	0	0	0	0	7	0	0	0	0	0	0	0	0	0	0	21	48	0	0	0	0	0	0	0
fsh-generated/resources/ValueSet-HIV.D.DE488.json	642	3	0	0	0	0	0	0	0	6	0	0	0	0	0	0	0	0	0	0	19	48	0	0	0	0	0	0	0
fsh-generated/resources/ValueSet-HIV.D.DE489.json	657	2	0	0	0	0	0	0	0	7	0	0	0	0	0	0	0	0	0	0	19	47	0	0	0	0	0	0	0
fsh-generated/resources/ValueSet-HIV.D.DE491.json	623	3	0	0	0	0	0	0	0	6	0	0	0	0	0	0	0	0	0	0	18	47	0	0	0	0	0	0	0
fsh-generated/resources/ValueSet-HIV.D.DE492.json	681	3	0	0	0	0	0	0	0	7	0	0	0	0	0	0	0	0	0	0	19	46	0	0	0	0	1	0	0
fsh-generated/resources/ValueSet-HIV.D.DE494.json	640	3	0	0	0	0	0	0	0	6	0	0	0	0	0	0	0	0	0	0	19	48	0	0	0	0	0	0	0
fsh-generated/resources/ValueSet-HIV.D.DE495.json	654	3	0	0	0	0	0	0	0	6	0	0	0	0	0	0	0	0	0	0	20	46	0	0	0	0	0	0	0
fsh-generated/resources/ValueSet-HIV.D.DE514.json	646	3	0	0	0	0	0	0	0	7	0	0	0	0	0	0	0	0	0	0	22	46	0	0	0	0	0	0	0
fsh-generated/resources/ValueSet-HIV.D.DE519.json	1253	3	0	0	1	0	0	0	0	7	0	0	0	0	0	0	0	0	0	0	21	66	0	0	0	0	0	0	0
fsh-generated/resources/ValueSet-HIV.D.DE52.json	596	2	0	0	0	0	0	0	0	7	0	0	0	0	0	0	0	0	0	0	18	48	0	0	0	0	0	0	0
fsh-generated/resources/ValueSet-HIV.D.DE525.json	1303	3	0	0	0	0	0	0	0	7	0	0	0	0	0	0	0	0	0	0	21	60	0	0	0	0	0	0	0
fsh-generated/resources/ValueSet-HIV.D.DE532.json	1000	3	0	0	0	0	0	0	1	7	0	0	0	0	0	0	0	0	0	0	20	55	0	0	0	0	1	0	0
fsh-generated/resources/ValueSet-HIV.D.DE537.json	2933	3	0	0	0	0	0	0	0	8	0	0	0	0	0	0	0	0	0	0	25	106	0	0	0	0	0	0	0
fsh-generated/resources/ValueSet-HIV.D.DE55.json	620	3	0	0	0	0	0	0	0	7	0	0	0	0	0	0	0	0	0	0	21	47	0	0	0	0	0	0	0
fsh-generated/resources/ValueSet-HIV.D.DE56.json	1413	3	0	0	0	0	0	0	0	8	0	0	0	0	0	0	0	0	0	0	21	59	0	0	0	0	0	0	0
fsh-generated/resources/ValueSet-HIV.D.DE560.json	1489	3	0	0	0	0	0	0	0	7	0	0	0	0	0	0	0	0	0	0	22	71	0	0	0	0	0	0	0
fsh-generated/resources/ValueSet-HIV.D.DE569.json	3363	3	0	0	0	0	0	0	0	9	0	0	0	0	0	0	0	0	0	0	27	107	0	0	0	0	1	0	0
fsh-generated/resources/ValueSet-HIV.D.DE593.json	1522	3	0	0	0	0	0	0	0	8	0	0	0	0	0	0	0	0	0	0	23	71	0	0	0	0	0	0	0
fsh-generated/resources/ValueSet-HIV.D.DE603.json	597	2	0	0	0	0	0	0	1	7	0	0	0	0	0	0	0	1	0	0	21	47	0	0	0	0	0	0	0
fsh-generated/resources/ValueSet-HIV.D.DE604.json	578	3	0	0	0	0	0	0	0	7	0	0	0	0	0	0	0	0	0	0	19	48	0	0	0	0	0	0	0
fsh-generated/resources/ValueSet-HIV.D.DE606.json	1074	3	0	0	1	0	0	0	0	8	0	0	0	0	0	0	0	0	0	0	22	55	0	0	0	0	0	0	0
fsh-generated/resources/ValueSet-HIV.D.DE610.json	3252	3	0	0	0	0	0	0	0	9	0	0	0	0	0	0	0	0	0	0	27	105	0	0	0	0	1	0	0
fsh-generated/resources/ValueSet-HIV.D.DE63.json	668	3	0	0	0	0	0	0	0	7	0	0	0	0	0	0	0	0	0	0	20	49	0	0	0	0	0	0	0
fsh-generated/resources/ValueSet-HIV.D.DE636.json	1276	3	0	0	0	0	0	0	0	8	0	0	0	0	0	0	0	0	0	0	22	62	0	0	0	0	0	0	0
fsh-generated/resources/ValueSet-HIV.D.DE64.json	626	3	0	0	0	0	0	0	0	7	0	0	0	0	0	0	0	0	0	0	19	46	0	0	0	0	0	0	0
fsh-generated/resources/ValueSet-HIV.D.DE646.json	1162	2	0	0	0	0	0	0	0	7	0	0	0	0	0	0	0	0	0	0	20	60	0	0	0	0	0	0	0
fsh-generated/resources/ValueSet-HIV.D.DE65.json	1526	3	0	0	0	0	0	0	0	8	0	0	0	0	0	0	0	0	0	0	21	68	0	0	0	0	0	0	0
fsh-generated/resources/ValueSet-HIV.D.DE658.json	1164	3	0	0	0	0	0	0	1	8	0	0	0	0	0	0	0	0	0	0	20	60	0	0	0	0	1	0	1
fsh-generated/resources/ValueSet-HIV.D.DE664.json	1052	3	0	0	0	0	0	0	0	7	0	0	0	0	0	0	0	0	0	0	20	59	0	0	0	0	0	0	0
fsh-generated/resources/ValueSet-HIV.D.DE668.json	1134	3	0	0	0	0	0	0	0	8	0	0	0	0	0	0	0	0	0	0	19	64	0	0	0	0	0	0	0
fsh-generated/resources/ValueSet-HIV.D.DE673.json	1315	3	0	0	0	0	0	0	0	7	0	0	0	0	0	0	0	0	0	0	20	66	0	0	0	0	0	0	0
fsh-generated/resources/ValueSet-HIV.D.DE681.json	1225	3	0	0	0	0	0	0	0	8	0	0	0	0	0	0	0	0	0	0	19	62	0	0	0	0	0	0	0
fsh-generated/resources/ValueSet-HIV.D.DE688.json	919	2	0	0	0	0	0	0	0	7	0	0	0	0	0	0	0	0	0	0	21	56	0	0	0	0	0	0	0
fsh-generated/resources/ValueSet-HIV.D.DE691.json	1307	3	0	0	1	0	0	0	0	8	0	0	0	0	0	0	0	0	0	0	20	61	0	0	0	0	1	0	0
fsh-generated/resources/ValueSet-HIV.D.DE697.json	1203	3	0	0	0	0	0	0	0	8	0	0	0	0	0	0	0	0	0	0	23	58	0	0	0	0	0	0	0
fsh-generated/resources/ValueSet-HIV.D.DE706.json	1010	3	0	0	0	0	0	0	0	7	0	0	0	0	0	0	0	0	0	0	21	53	0	0	0	0	0	0	0
fsh-generated/resources/ValueSet-HIV.D.DE709.json	961	3	0	0	0	0	0	0	0	7	0	0	0	0	0	0	0	0	0	0	19	53	0	0	0	0	0	0	0
fsh-generated/resources/ValueSet-HIV.D.DE712.json	1237	2	0	0	0	0	0	0	1	8	0	0	0	0	0	0	0	0	0	0	20	59	0	0	0	0	0	0	0
fsh-generated/resources/ValueSet-HIV.D.DE719.json	1453	3	0	0	0	0	0	0	0	8	0	0	0	0	0	0	0	0	0	0	22	64	0	0	0	0	0	0	0
fsh-generated/resources/ValueSet-HIV.D.DE731.json	1567	3	0	0	0	0	0	0	0	7	0	0	0	0	0	0	0	0	0	0	22	70	0	0	0	0	1	0	0
fsh-generated/resources/ValueSet-HIV.D.DE74.json	629	3	1	0	0	0	0	0	0	7	0	0	0	0	0	0	0	0	0	0	18	47	0	0	0	0	0	0	0
fsh-generated/resources/ValueSet-HIV.D.DE746.json	1512	3	0	0	0	0	0	0	0	8	0	0	0	0	0	0	0	0	0	0	21	66	0	0	0	0	0	0	0
fsh-generated/resources/ValueSet-HIV.D.DE75.json	856	3	0	0	0	0	0	0	0	7	0	0	0	0	0	0	0	0	0	0	19	53	0	0	0	0	0	0	0
fsh-generated/resources/ValueSet-HIV.D.DE753.json	1673	3	0	0	0	0	0	0	0	7	0	0	0	0	0	0	0	0	0	0	22	64	0	0	0	0	0	0	0
fsh-generated/resources/ValueSet-HIV.D.DE764.json	1441	2	0	0	0	0	0	0	0	9	0	0	0	0	0	0	0	0	0	0	21	66	0	0	0	0	0	0	0
fsh-generated/resources/ValueSet-HIV.D.DE77.json	645	3	0	0	0	0	0	0	0	8	0	0	0	0	0	0	0	0	0	0	21	46	0	0	0	0	1	0	0
fsh-generated/resources/ValueSet-HIV.D.DE778.json	1493	3	0	0	1	0	0	0	1	7	0	0	0	0	0	0	0	0	0	0	22	65	0	0	0	0	0	0	0
fsh-generated/resources/ValueSet-HIV.D.DE78.json	649	3	0	0	0	0	0	0	0	7	0	0	0	0	0	0	0	0	0	0	23	48	0	0	0	0	0	0	0
fsh-generated/resources/ValueSet-HIV.D.DE789.json	1767	3	0	0	0	0	0	0	0	8	0	0	0	0	0	0	0	0	0	0	22	79	0	0	0	0	0	0	0
fsh-generated/resources/ValueSet-HIV.D.DE79.json	681	3	0	0	0	0	0	0	0	6	0	0	0	0	0	0	0	0	0	0	20	47	0	0	0	0	0	0	0
fsh-generated/resources/ValueSet-HIV.D.DE80.json	647	2	0	0	0	0	0	0	0	7	0	0	0	0	0	0	0	0	0	0	19	46	0	0	0	0	0	0	0
fsh-generated/resources/ValueSet-HIV.D.DE802.json	1012	3	0	0	0	0	0	0	0	7	0	0	0	0	0	0	0	0	0	0	22	58	0	0	0	0	0	0	0
fsh-generated/resources/ValueSet-HIV.D.DE808.json	1016	3	0	0	0	0	0	0	0	7	0	0	0	0	0	0	0	0	0	0	20	58	0	0	0	0	1	0	0
fsh-generated/resources/ValueSet-HIV.D.DE81.json	651	3	0	0	0	0	0	0	0	7	0	0	0	0	0	0	0	0	0	0	19	47	0	0	0	0	0	0	0
fsh-generated/resources/ValueSet-HIV.D.DE813.json	1318	3	0	0	0	0	0	0	0	7	0	0	0	0	0	0	0	0	0	0	22	66	0	0	0	0	0	0	0
fsh-generated/resources/ValueSet-HIV.D.DE82.json	638	3	0	0	0	0	0	0	0	7	0	0	0	0	0	0	0	0	0	0	18	47	0	0	0	0	0	0	0
fsh-generated/resources/ValueSet-HIV.D.DE821.json	1232	2	0	0	0	0	0	0	0	8	0	0	0	0	0	0	0	0	0	0	20	64	0	0	0	0	0	0	0
fsh-generated/resources/ValueSet-HIV.D.DE828.json	1230	3	0	0	1	0	0	0	1	7	0	0	0	0	0	0	0	0	0	0	20	60	0	0	0	0	0	0	0
fsh-generated/resources/ValueSet-HIV.D.DE83.json	1543	3	0	0	0	0	0	0	0	8	0	0	0	0	0	0	0	0	0	0	21	61	0	0	0	0	0	0	0
fsh-generated/resources/ValueSet-HIV.D.DE836.json	1321	3	0	0	0	0	0	0	0	7	0	0	0	0	0	0	0	0	0	0	23	61	0	0	0	0	1	0	0
fsh-generated/resources/ValueSet-HIV.D.DE845.json	1230	3	0	0	0	0	0	0	0	7	0	0	0	0	0	0	0	0	0	0	20	64	0	0	0	0	0	0	0
fsh-generated/resources/ValueSet-HIV.D.DE853.json	1056	3	0	0	0	0	0	0	0	7	0	0	0	0	0	0	0	0	0	0	19	58	0	0	0	0	0	0	0
fsh-generated/resources/ValueSet-HIV.D.DE858.json	1043	2	0	0	0	0	0	0	0	8	0	0	0	0	0	0	0	0	0	0	25	62	0	0	0	0	0	0	0
fsh-generated/resources/ValueSet-HIV.D.DE864.json	1002	3	0	0	0	0	0	0	0	8	0	0	0	0	0	0	0	0	0	0	20	65	0	0	0	0	0	0	0
fsh-generated/resources/ValueSet-HIV.D.DE869.json	1230	3	0	0	0	0	0	0	0	8	0	0	0	0	0	0	0	0	0	0	21	64	0	0	0	0	0	0	0
fsh-generated/resources/ValueSet-HIV.D.DE877.json	1028	3	0	0	0	0	0	0	0	7	0	0	0	0	0	0	0	0	0	0	19	106	0	0	0	0	1	0	0
fsh-generated/resources/ValueSet-HIV.D.DE893.json	971	3	0	0	0	0	0	0	0	8	0	0	0	0	0	0	0	0	0	0	19	70	0	0	0	0	0	0	0
fsh-generated/resources/ValueSet-HIV.D.DE897.json	1185	3	0	0	0	0	0	0	1	7	0	0	0	0	0	0	0	0	0	0	21	56	0	0	0	0	0	0	0
fsh-generated/resources/ValueSet-HIV.D.DE90.json	4378	3	0	0	0	0	0	0	0	8	0	0	0	0	0	0	0	0	0	0	32	149	0	0	0	0	0	0	0
fsh-generated/resources/ValueSet-HIV.D.DE903.json	3609	3	0	0	1	0	0	0	0	10	0	0	0	0	0	0	0	0	0	0	29	126	0	0	0	0	1	0	0
fsh-generated/resources/ValueSet-HIV.D.DE934.json	1128	2	0	0	0	0	0	0	0	7	0	0	0	0	0	0	0	0	0	0	20	58	0	0	0	0	0	0	0
fsh-generated/resources/ValueSet-HIV.D.DE939.json	965	3	0	0	0	0	0	0	0	7	0	0	0	0	0	0	0	0	0	0	21	57	0	0	0	0	0	0	0
fsh-generated/resources/ValueSet-HIV.D.DE942.json	957	3	0	0	0	0	0	0	0	7	0	0	0	0	0	0	0	0	0	0	22	52	0	0	0	0	0	0	0
fsh-generated/resources/ValueSet-HIV.D.DE947.json	1109	3	0	0	0	0	0	0	1	7	0	0	0	0	0	0	0	0	0	0	21	75	0	0	0	0	0	0	0
fsh-generated/resources/ValueSet-HIV.D.DE956.json	2486	3	0	0	0	0	0	0	0	8	0	0	0	0	0	0	0	0	0	0	26	93	0	0	0	0	1	0	0
fsh-generated/resources/ValueSet-HIV.D.DE973.json	1868	3	0	0	0	0	0	0	0	8	0	0	0	0	0	0	0	0	0	0	24	80	0	0	0	0	0	0	0
fsh-generated/resources/ValueSet-HIV.D.DE986.json	1066	3	0	0	0	0	0	0	0	7	0	0	0	0	0	0	0	0	0	0	22	56	0	0	0	0	0	0	0
fsh-generated/resources/ValueSet-HIV.D.DE992.json	1200	3	0	0	0	0	0	0	0	7	0	0	0	0	0	0	0	0	0	0	20	58	0	0	0	0	0	0	0
fsh-generated/resources/ValueSet-HIV.E.DE104.json	1061	2	0	0	0	0	0	0	0	7	0	0	0	0	0	0	0	0	0	0	21	54	0	0	0	0	0	0	0
fsh-generated/resources/ValueSet-HIV.E.DE108.json	1094	3	0	0	0	0	0	0	0	8	0	0	0	0	0	0	0	0	0	0	19	54	0	0	0	0	1	0	0
fsh-generated/resources/ValueSet-HIV.E.DE114.json	1230	3	0	0	1	0	0	0	0	7	0	0	0	0	0	0	0	0	0	0	20	58	0	0	0	0	0	0	0
fsh-generated/resources/ValueSet-HIV.E.DE127.json	1042	3	0	0	0	0	0	0	1	7	0	0	0	0	0	0	0	0	0	0	21	53	0	0	0	0	0	0	0
fsh-generated/resources/ValueSet-HIV.E.DE136.json	970	3	0	0	0	0	0	0	0	7	0	0	0	0	0	0	0	0	0	0	19	52	0	0	0	0	0	0	0
fsh-generated/resources/ValueSet-HIV.E.DE141.json	1026	3	0	0	0	0	0	0	0	7	0	0	0	0	0	0	0	0	0	0	21	56	0	0	0	0	0	0	0
fsh-generated/resources/ValueSet-HIV.E.DE145.json	1064	3	0	0	0	0	0	0	0	7	0	0	0	0	0	0	0	0	0	0	20	55	0	0	0	0	0	0	0
fsh-generated/resources/ValueSet-HIV.E.DE149.json	1030	3	0	0	0	0	0	0	0	8	0	0	0	0	0	0	0	0	0	0	20	54	0	0	0	0	0	0	0
fsh-generated/resources/ValueSet-HIV.E.DE155.json	1315	3	0	0	0	0	0	0	0	7	0	0	0	0	0	0	0	0	0	0	22	59	0	0	0	0	1	0	0
fsh-generated/resources/ValueSet-HIV.E.DE168.json	1173	2	0	0	0	0	0	0	0	8	0	0	0	0	0	0	0	0	0	0	22	58	0	0	0	0	0	0	0
fsh-generated/resources/ValueSet-HIV.E.DE17.json	2594	3	0	0	0	0	0	0	0	8	0	0	0	0	0	0	0	0	0	0	25	93	0	0	0	0	0	0	0
fsh-generated/resources/ValueSet-HIV.E.DE173.json	1121	3	0	0	0	0	0	0	0	7	0	0	0	0	0	0	0	0	0	0	20	56	0	0	0	0	0	0	0
fsh-generated/resources/ValueSet-HIV.E.DE180.json	936	3	0	0	0	0	0	0	0	7	0	0	0	0	0	0	0	0	0	0	19	54	0	0	0	0	0	0	0
fsh-generated/resources/ValueSet-HIV.E.DE183.json	968	3	0	0	0	0	0	0	1	8	0	0	0	0	0	0	0	0	0	0	20	54	0	0	0	0	1	0	0
fsh-generated/resources/ValueSet-HIV.E.DE186.json	1045	3	0	0	1	0	0	0	0	7	0	0	0	0	0	0	0	0	0	0	20	59	0	0	0	0	0	0	0
fsh-generated/resources/ValueSet-HIV.E.DE190.json	1045	2	0	0	0	0	0	0	0	7	0	0	0	0	0	0	0	0	0	0	22	59	0	0	0	0	0	0	0
fsh-generated/resources/ValueSet-HIV.E.DE194.json	1359	3	0	0	0	0	0	0	0	7	0	0	0	0	0	0	0	0	0	0	21	63	0	0	0	0	0	0	0
fsh-generated/resources/ValueSet-HIV.E.DE200.json	1049	3	0	0	0	0	0	0	0	7	0	0	0	0	0	0	0	0	0	0	20	58	0	0	0	0	0	0	0
fsh-generated/resources/ValueSet-HIV.E.DE204.json	1050	3	0	0	0	0	0	0	0	7	0	0	0	0	0	0	0	0	0	0	21	59	0	0	0	0	0	0	0
fsh-generated/resources/ValueSet-HIV.E.DE208.json	1049	3	0	0	0	0	0	0	0	7	0	0	0	0	0	0	0	0	0	0	20	60	0	0	0	0	0	0	0
fsh-generated/resources/ValueSet-HIV.E.DE212.json	1067	3	0	0	0	0	0	0	0	7	0	0	0	0	0	0	0	0	0	0	20	59	0	0	0	0	1	0	0
fsh-generated/resources/ValueSet-HIV.E.DE216.json	1059	3	0	0	0	0	0	0	0	7	0	0	0	0	0	0	0	0	0	0	20	58	0	0	0	0	0	0	0
fsh-generated/resources/ValueSet-HIV.E.DE220.json	1077	2	0	0	0	0	0	0	0	7	0	0	0	0	0	0	0	0	0	0	21	57	0	0	0	0	0	0	0
fsh-generated/resources/ValueSet-HIV.E.DE225.json	1106	3	0	0	0	0	0	0	1	7	0	0	0	0	0	0	0	0	0	0	20	54	0	0	0	0	0	0	0
fsh-generated/resources/ValueSet-HIV.E.DE230.json	1157	3	0	0	0	0	0	0	0	7	0	0	0	0	0	0	0	0	0	0	23	55	0	0	0	0	0	0	0
fsh-generated/resources/ValueSet-HIV.E.DE234.json	1277	3	0	0	0	0	0	0	0	8	0	0	0	0	0	0	0	0	0	0	20	58	0	0	0	0	0	0	0
fsh-generated/resources/ValueSet-HIV.E.DE240.json	859	3	0	0	1	0	0	0	0	7	0	0	0	0	0	0	0	1	0	0	21	51	0	0	0	0	1	0	0
fsh-generated/resources/ValueSet-HIV.E.DE246.json	1451	3	0	0	0	0	0	0	0	7	0	0	0	0	0	0	0	0	0	0	21	67	0	0	0	0	0	0	0
fsh-generated/resources/ValueSet-HIV.E.DE255.json	1129	2	0	0	0	0	0	0	0	7	0	0	0	0	0	0	0	0	0	0	21	57	0	0	0	0	0	0	0
fsh-generated/resources/ValueSet-HIV.E.DE259.json	1113	3	0	0	0	0	0	0	0	8	0	0	0	0	0	0	0	0	0	0	20	58	0	0	0	0	0	0	0
fsh-generated/resources/ValueSet-HIV.E.DE264.json	1714	3	0	0	0	0	0	0	0	7	0	0	0	0	0	0	0	0	0	0	22	69	0	0	0	0	0	0	0
fsh-generated/resources/ValueSet-HIV.E.DE41.json	1144	3	0	0	0	0	0	0	0	7	0	0	0	0	0	0	0	0	0	0	19	55	0	0	0	0	0	0	0
fsh-generated/resources/ValueSet-HIV.E.DE47.json	1127	3	0	0	0	0	0	0	0	8	0	0	0	0	0	0	0	0	0	0	19	61	0	0	0	0	1	0	0
fsh-generated/resources/ValueSet-HIV.E.DE52.json	1080	3	0	0	0	0	0	0	1	7	0	0	0	0	0	0	0	0	0	0	19	57	0	0	0	0	0	0	0
fsh-generated/resources/ValueSet-HIV.E.DE6.json	1175	2	0	0	0	0	0	0	0	7	0	0	0	0	0	0	0	0	0	0	19	69	0	0	0	0	0	0	0
fsh-generated/resources/ValueSet-HIV.E.DE62.json	1094	3	0	0	0	0	0	0	0	7	0	0	0	0	0	0	0	0	0	0	19	58	0	0	0	0	0	0	0
fsh-generated/resources/ValueSet-HIV.E.DE67.json	1017	3	0	0	0	0	0	0	0	7	0	0	0	0	0	0	0	0	0	0	19	57	0	0	0	0	0	0	0
fsh-generated/resources/ValueSet-HIV.E.DE75.json	829	3	0	0	0	0	0	0	0	7	0	0	0	0	0	0	0	0	0	0	21	53	0	0	0	0	0	0	0
fsh-generated/resources/ValueSet-HIV.E.DE91.json	984	3	0	0	1	0	0	0	0	7	0	0	0	0	0	0	0	0	0	0	19	56	0	0	0	0	1	0	0
fsh-generated/resources/ValueSet-HIV.G.DE13.json	1128	3	0	0	0	0	0	0	0	7	0	0	0	0	0	0	0	0	0	0	19	55	0	0	0	0	0	0	0
fsh-generated/resources/ValueSet-HIV.G.DE18.json	1016	2	0	0	0	0	0	0	0	8	0	0	0	0	0	0	0	0	0	0	19	56	0	0	0	0	0	0	0
fsh-generated/resources/ValueSet-HIV.G.DE22.json	1339	3	0	0	0	0	0	0	0	7	0	0	0	0	0	0	0	0	0	0	20	59	0	0	0	0	0	0	0
fsh-generated/resources/ValueSet-HIV.G.DE29.json	939	3	0	0	0	0	0	0	0	8	0	0	0	0	0	0	0	0	0	0	20	54	0	0	0	0	0	0	0
fsh-generated/resources/ValueSet-HIV.G.DE35.json	1334	3	0	0	0	0	0	0	1	7	0	0	0	0	0	0	0	0	0	0	21	59	0	0	0	0	0	0	0
fsh-generated/resources/ValueSet-HIV.G.DE43.json	1050	3	0	0	0	0	0	0	0	7	0	0	0	0	0	0	0	0	0	0	19	57	0	0	0	0	1	0	0
fsh-generated/resources/ValueSet-HIV.G.DE48.json	942	3	0	0	0	0	0	0	0	7	0	0	0	0	0	0	0	0	0	0	21	56	0	0	0	0	0	0	0
fsh-generated/resources/ValueSet-HIV.G.DE51.json	939	2	0	0	0	0	0	0	0	7	0	0	0	0	0	0	0	0	0	0	19	54	0	0	0	0	0	0	0
fsh-generated/resources/ValueSet-HIV.G.DE55.json	1224	3	0	0	0	0	0	0	0	7	0	0	0	0	0	0	0	0	0	0	22	60	0	0	0	0	0	0	0
fsh-generated/resources/ValueSet-HIV.G.DE62.json	1328	3	0	0	0	0	0	0	0	7	0	0	0	0	0	0	0	0	0	0	22	63	0	0	0	0	0	0	0
fsh-generated/resources/ValueSet-HIV.G.DE70.json	1006	3	0	0	0	0	0	0	0	8	0	0	0	0	0	0	0	0	0	0	21	60	0	0	0	0	0	0	0
fsh-generated/resources/ValueSet-HIV.G.DE74.json	927	3	0	0	1	0	0	0	0	7	0	0	0	0	0	0	0	0	0	0	20	55	0	0	0	0	0	0	0
fsh-generated/resources/ValueSet-HIV.H.DE1.json	1472	3	0	0	0	0	0	0	0	8	0	0	0	0	0	0	0	0	0	0	21	72	0	0	0	0	1	0	0
fsh-generated/resources/ValueSet-HIV.H.DE13.json	1019	2	0	0	0	0	0	0	0	7	0	0	0	0	0	0	0	0	0	0	21	61	0	0	0	0	0	0	0
fsh-generated/resources/ValueSet-HIV.H.DE17.json	1169	3	0	0	0	0	0	0	1	7	0	0	0	0	0	0	0	0	0	0	23	60	0	0	0	0	0	0	0
fsh-generated/resources/ValueSet-HIV.H.DE23.json	1365	3	0	0	0	0	0	0	0	7	0	0	0	0	0	0	0	0	0	0	22	65	0	0	0	0	0	0	1
fsh-generated/resources/ValueSet-HIV.H.DE34.json	1069	3	0	0	0	0	0	0	0	7	0	0	0	0	0	0	0	0	0	0	20	60	0	0	0	0	0	0	0
fsh-generated/resources/ValueSet-HIV.H.DE41.json	1191	3	0	0	0	0	0	0	0	7	0	0	0	0	0	0	0	0	0	0	23	56	0	0	0	0	0	0	0
fsh-generated/resources/ValueSet-HIV.H.DE50.json	852	3	0	0	0	0	0	0	0	7	0	0	0	0	0	0	0	0	0	0	19	53	0	0	0	0	1	0	0
fsh-generated/resources/ValueSet-HIV.H.DE53.json	2507	3	0	0	0	0	0	0	0	9	0	0	0	0	0	0	0	0	0	0	26	94	0	0	0	0	0	0	0
fsh-generated/resources/ValueSet-HIV.H.DE74.json	1401	3	0	0	0	0	0	0	0	8	0	0	0	0	0	0	0	0	0	0	23	63	0	0	0	0	0	0	0
fsh-generated/resources/ValueSet-HIV.I.DE2.json	1352	2	0	0	0	0	0	0	0	7	0	0	0	0	0	0	0	0	0	0	21	60	0	0	1	0	0	0	0
fsh-generated/resources/ValueSet-HIV.PRV.DE11.json	1035	3	0	0	1	0	0	0	1	7	0	0	0	0	0	0	0	0	0	0	20	54	0	0	0	0	0	0	0
fsh-generated/resources/ValueSet-HIV.PRV.DE2.json	1312	3	0	0	0	0	0	0	0	7	0	0	0	0	0	0	0	0	0	0	20	63	0	0	0	0	1	0	0
